﻿id_invoice;invoice_id_client;invoice_title;invoice_type;invoice_paid_status;invoice_seller;invoice_sell_city;invoice_cost;invoice_tax_value;invoice_cost_w_tax;invoice_currency;invoice_payment_type;invoice_paid;invoice_filename;invoice_date_create;invoice_date_sell;invoice_date_issue;invoice_date_to_pay
2;10;ANT/2/03/2018;vat;True;ANTHEAP;Warszawa;1670;384,1;2054,1;PLN;transfer;2054,1;Faktura-VAT;2018-03-01 18:11;czwartek, 1 marzec 2018;czwartek, 1 marzec 2018;czwartek, 8 marzec 2018
3;12;ANT/3/03/2018;vat;True;ANTHEAP;Warszawa;1726;396,98;2122,98;PLN;transfer;2122,98;Faktura-VAT;2018-03-01 18:12;czwartek, 1 marzec 2018;czwartek, 1 marzec 2018;czwartek, 8 marzec 2018
4;27;ANT/4/03/2018;vat;True;ANTHEAP;Warszawa;2850;655,5;3505,5;PLN;transfer;3505,5;Faktura-VAT;2018-03-01 18:13;czwartek, 1 marzec 2018;czwartek, 1 marzec 2018;czwartek, 15 marzec 2018
6;15;ANT/6/03/2018;vat;True;ANTHEAP;Warszawa;1730;397,9;2127,9;PLN;transfer;2127,9;Faktura-VAT;2018-03-01 18:17;czwartek, 1 marzec 2018;czwartek, 1 marzec 2018;czwartek, 15 marzec 2018
7;23;ANT/7/03/2018;vat;True;ANTHEAP;Warszawa;2110;485,3;2595,3;PLN;transfer;2595,3;Faktura-VAT;2018-03-02 13:14;czwartek, 1 marzec 2018;czwartek, 1 marzec 2018;czwartek, 15 marzec 2018
8;24;ANT/8/03/2018;vat;True;ANTHEAP;Warszawa;1790;411,7;2201,7;PLN;transfer;2201,7;Faktura-VAT;2018-03-02 13:15;czwartek, 1 marzec 2018;czwartek, 1 marzec 2018;czwartek, 15 marzec 2018
9;26;ANT/9/03/2018;vat;True;ANTHEAP;Warszawa;3190;733,7;3923,7;PLN;transfer;3923,7;Faktura-VAT;2018-03-02 13:16;czwartek, 1 marzec 2018;czwartek, 1 marzec 2018;czwartek, 8 marzec 2018
10;7;ANT/10/03/2018;vat;True;ANTHEAP;Warszawa;2100;483;2583;PLN;transfer;2583;Faktura-VAT;2018-03-02 13:17;czwartek, 1 marzec 2018;czwartek, 1 marzec 2018;czwartek, 8 marzec 2018
11;39;ANT/11/03/2018;vat;True;ANTHEAP;Warszawa;2350;540,5;2890,5;PLN;transfer;2890,5;Faktura-VAT;2018-03-02 13:18;czwartek, 1 marzec 2018;czwartek, 1 marzec 2018;czwartek, 15 marzec 2018
12;38;ANT/12/03/2018;vat;True;ANTHEAP;Warszawa;1830;420,9;2250,9;PLN;transfer;2250,9;Faktura-VAT;2018-03-02 13:18;czwartek, 1 marzec 2018;czwartek, 1 marzec 2018;czwartek, 15 marzec 2018
13;41;ANT/13/03/2018;vat;True;ANTHEAP;Warszawa;3530;811,9;4341,9;PLN;transfer;4341,9;Faktura-VAT;2018-03-02 13:19;czwartek, 1 marzec 2018;czwartek, 1 marzec 2018;czwartek, 15 marzec 2018
14;45;ANT/14/03/2018;vat;True;ANTHEAP;Warszawa;2150;494,5;2644,5;PLN;transfer;2644,5;Faktura-VAT;2018-03-02 13:19;czwartek, 1 marzec 2018;czwartek, 1 marzec 2018;czwartek, 15 marzec 2018
15;47;ANT/15/03/2018;vat;True;ANTHEAP;Warszawa;1830;420,9;2250,9;PLN;transfer;2250,9;Faktura-VAT;2018-03-02 13:20;czwartek, 1 marzec 2018;czwartek, 1 marzec 2018;czwartek, 15 marzec 2018
16;48;ANT/16/03/2018;vat;True;ANTHEAP;Warszawa;2900;667;3567;PLN;transfer;3567;Faktura-VAT;2018-03-02 13:21;czwartek, 1 marzec 2018;czwartek, 1 marzec 2018;czwartek, 15 marzec 2018
17;49;ANT/17/03/2018;vat;True;ANTHEAP;Warszawa;1710;393,3;2103,3;PLN;transfer;2103,3;Faktura-VAT;2018-03-02 13:21;czwartek, 1 marzec 2018;czwartek, 1 marzec 2018;czwartek, 15 marzec 2018
18;51;ANT/18/03/2018;vat;True;ANTHEAP;Warszawa;2430;558,9;2988,9;PLN;transfer;2988,9;Faktura-VAT;2018-03-02 13:22;czwartek, 1 marzec 2018;czwartek, 1 marzec 2018;czwartek, 15 marzec 2018
19;53;ANT/19/03/2018;vat;True;ANTHEAP;Warszawa;1830;420,9;2250,9;PLN;transfer;2250,9;Faktura-VAT;2018-03-02 13:23;czwartek, 1 marzec 2018;czwartek, 1 marzec 2018;czwartek, 15 marzec 2018
20;8;ANT/20/03/2018;vat;True;ANTHEAP;Warszawa;2350;540,5;2890,5;PLN;transfer;2890,5;Faktura-VAT;2018-03-02 13:27;czwartek, 1 marzec 2018;czwartek, 1 marzec 2018;czwartek, 15 marzec 2018
23;4;ANT/23/03/2018;vat;True;ANTHEAP;Warszawa;4150;954,5;5104,5;PLN;transfer;5104,5;Faktura-VAT;2018-03-02 13:33;czwartek, 1 marzec 2018;czwartek, 1 marzec 2018;czwartek, 15 marzec 2018
24;54;ANT/24/03/2018;vat;True;ANTHEAP;Warszawa;3950;908,5;4858,5;PLN;transfer;4858,5;Faktura-VAT;2018-03-02 13:34;czwartek, 1 marzec 2018;czwartek, 1 marzec 2018;czwartek, 15 marzec 2018
25;9;ANT/25/03/2018;vat;True;ANTHEAP;Warszawa;3325;764,75;4089,75;PLN;transfer;4089,75;Faktura-VAT;2018-03-02 14:34;czwartek, 1 marzec 2018;czwartek, 1 marzec 2018;czwartek, 15 marzec 2018
28;6;ANT/27/03/2018;vat;True;ANTHEAP;Warszawa;3150;724,5;3874,5;PLN;transfer;3874,5;Faktura-VAT;2018-03-12 16:18;poniedziałek, 12 marzec 2018;poniedziałek, 12 marzec 2018;poniedziałek, 19 marzec 2018
34;4;vatANT/1/04/2018;vat;True;ANTHEAP;Warszawa;4150;954,5;5104,5;PLN;transfer;5104,5;Faktura-VAT;2018-04-02 20:21;niedziela, 1 kwiecień 2018;niedziela, 1 kwiecień 2018;niedziela, 15 kwiecień 2018
35;11;vatANT/2/04/2018;vat;True;ANTHEAP;Warszawa;5150;1184,5;6334,5;PLN;transfer;6334,5;Faktura-VAT;2018-04-02 20:22;niedziela, 1 kwiecień 2018;niedziela, 1 kwiecień 2018;niedziela, 8 kwiecień 2018
36;13;vatANT/3/04/2018;vat;True;ANTHEAP;Warszawa;3650;839,5;4489,5;PLN;transfer;4489,5;Faktura-VAT;2018-04-02 20:22;niedziela, 1 kwiecień 2018;niedziela, 1 kwiecień 2018;niedziela, 22 kwiecień 2018
37;8;vatANT/4/04/2018;vat;True;ANTHEAP;Warszawa;2350;540,5;2890,5;PLN;transfer;2890,5;Faktura-VAT;2018-04-02 20:24;niedziela, 1 kwiecień 2018;niedziela, 1 kwiecień 2018;niedziela, 15 kwiecień 2018
38;54;vatANT/5/04/2018;vat;True;ANTHEAP;Warszawa;3950;908,5;4858,5;PLN;transfer;4858,5;Faktura-VAT;2018-04-02 20:25;niedziela, 1 kwiecień 2018;niedziela, 1 kwiecień 2018;niedziela, 15 kwiecień 2018
39;3;vatANT/6/04/2018;vat;True;ANTHEAP;Warszawa;2510;577,3;3087,3;PLN;transfer;3087,3;Faktura-VAT;2018-04-02 20:34;niedziela, 1 kwiecień 2018;niedziela, 1 kwiecień 2018;poniedziałek, 9 kwiecień 2018
40;2;vatANT/7/04/2018;vat;True;ANTHEAP;Warszawa;1850;425,5;2275,5;PLN;transfer;2275,5;Faktura-VAT;2018-04-02 20:41;niedziela, 1 kwiecień 2018;niedziela, 1 kwiecień 2018;poniedziałek, 9 kwiecień 2018
41;9;vatANT/8/04/2018;vat;True;ANTHEAP;Warszawa;3325;764,75;4089,75;PLN;transfer;4089,75;Faktura-VAT;2018-04-02 20:44;niedziela, 1 kwiecień 2018;niedziela, 1 kwiecień 2018;poniedziałek, 9 kwiecień 2018
42;10;vatANT/9/04/2018;vat;True;ANTHEAP;Warszawa;1670;384,1;2054,1;PLN;transfer;2054,1;Faktura-VAT;2018-04-02 20:46;niedziela, 1 kwiecień 2018;niedziela, 1 kwiecień 2018;poniedziałek, 9 kwiecień 2018
43;12;vatANT/30/03/2018;vat;True;ANTHEAP;Warszawa;3559,75;818,7425;4378,4925;PLN;transfer;4378,4925;Faktura-VAT;2018-04-02 20:50;piątek, 30 marzec 2018;piątek, 30 marzec 2018;piątek, 13 kwiecień 2018
44;12;vatANT/10/04/2018;vat;True;ANTHEAP;Warszawa;1726;396,98;2122,98;PLN;transfer;2122,98;Faktura-VAT;2018-04-02 21:03;niedziela, 1 kwiecień 2018;niedziela, 1 kwiecień 2018;piątek, 13 kwiecień 2018
46;14;vatANT/11/04/2018;vat;True;ANTHEAP;Warszawa;2650;609,5;3259,5;PLN;transfer;3259,5;Faktura-VAT;2018-04-02 21:06;niedziela, 1 kwiecień 2018;niedziela, 1 kwiecień 2018;poniedziałek, 9 kwiecień 2018
47;15;vatANT/12/04/2018;vat;True;ANTHEAP;Warszawa;1730;397,9;2127,9;PLN;transfer;2127,9;Faktura-VAT;2018-04-02 21:07;niedziela, 1 kwiecień 2018;niedziela, 1 kwiecień 2018;poniedziałek, 9 kwiecień 2018
48;22;vatANT/32/03/2018;vat;True;ANTHEAP;Warszawa;1990;457,7;2447,7;PLN;transfer;2447,7;Faktura-VAT;2018-04-02 21:07;piątek, 30 marzec 2018;piątek, 30 marzec 2018;poniedziałek, 9 kwiecień 2018
49;23;vatANT/33/03/2018;vat;True;ANTHEAP;Warszawa;1490;342,7;1832,7;PLN;transfer;1832,7;Faktura-VAT;2018-04-02 21:09;piątek, 30 marzec 2018;piątek, 30 marzec 2018;poniedziałek, 9 kwiecień 2018
50;23;vatANT/13/04/2018;vat;True;ANTHEAP;Warszawa;2110;485,3;2595,3;PLN;transfer;2595,3;Faktura-VAT;2018-04-02 21:10;niedziela, 1 kwiecień 2018;niedziela, 1 kwiecień 2018;poniedziałek, 9 kwiecień 2018
51;24;vatANT/34/03/2018;vat;True;ANTHEAP;Warszawa;1320;303,6;1623,6;PLN;transfer;1623,6;Faktura-VAT;2018-04-02 21:14;piątek, 30 marzec 2018;piątek, 30 marzec 2018;poniedziałek, 9 kwiecień 2018
52;24;vatANT/14/04/2018;vat;True;ANTHEAP;Warszawa;1790;411,7;2201,7;PLN;transfer;2201,7;Faktura-VAT;2018-04-02 21:14;niedziela, 1 kwiecień 2018;niedziela, 1 kwiecień 2018;poniedziałek, 9 kwiecień 2018
53;27;vatANT/35/03/2018;vat;True;ANTHEAP;Warszawa;2110;485,3;2595,3;PLN;transfer;2595,3;Faktura-VAT;2018-04-02 21:16;piątek, 30 marzec 2018;piątek, 30 marzec 2018;poniedziałek, 9 kwiecień 2018
54;39;vatANT/15/04/2018;vat;True;ANTHEAP;Warszawa;2350;540,5;2890,5;PLN;transfer;2890,5;Faktura-VAT;2018-04-02 21:18;niedziela, 1 kwiecień 2018;niedziela, 1 kwiecień 2018;poniedziałek, 9 kwiecień 2018
55;41;vatANT/36/03/2018;vat;True;ANTHEAP;Warszawa;3325;764,75;4089,75;PLN;transfer;4089,75;Faktura-VAT;2018-04-02 21:19;piątek, 30 marzec 2018;piątek, 30 marzec 2018;poniedziałek, 9 kwiecień 2018
56;41;vatANT/16/04/2018;vat;True;ANTHEAP;Warszawa;3530;811,9;4341,9;PLN;transfer;4341,9;Faktura-VAT;2018-04-02 21:19;niedziela, 1 kwiecień 2018;niedziela, 1 kwiecień 2018;poniedziałek, 9 kwiecień 2018
57;45;vatANT/17/04/2018;vat;True;ANTHEAP;Warszawa;2150;494,5;2644,5;PLN;transfer;2644,5;Faktura-VAT;2018-04-02 21:20;niedziela, 1 kwiecień 2018;niedziela, 1 kwiecień 2018;poniedziałek, 9 kwiecień 2018
58;47;vatANT/18/04/2018;vat;True;ANTHEAP;Warszawa;1830;420,9;2250,9;PLN;transfer;2250,9;Faktura-VAT;2018-04-02 21:20;niedziela, 1 kwiecień 2018;niedziela, 1 kwiecień 2018;poniedziałek, 9 kwiecień 2018
59;48;vatANT/37/03/2018;vat;True;ANTHEAP;Warszawa;3750;862,5;4612,5;PLN;transfer;4612,5;Faktura-VAT;2018-04-02 21:22;piątek, 30 marzec 2018;piątek, 30 marzec 2018;poniedziałek, 9 kwiecień 2018
60;48;vatANT/19/04/2018;vat;True;ANTHEAP;Warszawa;2900;667;3567;PLN;transfer;3567;Faktura-VAT;2018-04-02 21:22;niedziela, 1 kwiecień 2018;niedziela, 1 kwiecień 2018;poniedziałek, 9 kwiecień 2018
61;49;vatANT/38/03/2018;vat;True;ANTHEAP;Warszawa;1295;297,85;1592,85;PLN;transfer;1592,85;Faktura-VAT;2018-04-02 21:25;piątek, 30 marzec 2018;piątek, 30 marzec 2018;poniedziałek, 9 kwiecień 2018
62;49;vatANT/20/04/2018;vat;True;ANTHEAP;Warszawa;1710;393,3;2103,3;PLN;transfer;2103,3;Faktura-VAT;2018-04-02 21:25;niedziela, 1 kwiecień 2018;niedziela, 1 kwiecień 2018;poniedziałek, 9 kwiecień 2018
63;51;vatANT/39/03/2018;vat;True;ANTHEAP;Warszawa;1320;303,6;1623,6;PLN;transfer;1623,6;Faktura-VAT;2018-04-02 21:27;piątek, 30 marzec 2018;piątek, 30 marzec 2018;poniedziałek, 9 kwiecień 2018
64;51;vatANT/21/04/2018;vat;True;ANTHEAP;Warszawa;2430;558,9;2988,9;PLN;transfer;2988,9;Faktura-VAT;2018-04-02 21:28;niedziela, 1 kwiecień 2018;niedziela, 1 kwiecień 2018;poniedziałek, 9 kwiecień 2018
65;53;vatANT/22/04/2018;vat;True;ANTHEAP;Warszawa;1830;420,9;2250,9;PLN;transfer;2250,9;Faktura-VAT;2018-04-02 21:29;niedziela, 1 kwiecień 2018;niedziela, 1 kwiecień 2018;poniedziałek, 9 kwiecień 2018
66;26;vatANT/40/03/2018;vat;True;ANTHEAP;Warszawa;2550;586,5;3136,5;PLN;transfer;3136,5;Faktura-VAT;2018-04-04 13:58;piątek, 30 marzec 2018;piątek, 30 marzec 2018;piątek, 6 kwiecień 2018
69;88;ANT/24/04/2018;vat;True;ANTHEAP;Warszawa;4125;948,75;5073,75;PLN;transfer;5073,75;Faktura-VAT;2018-04-10 12:37;wtorek, 10 kwiecień 2018;wtorek, 10 kwiecień 2018;wtorek, 10 kwiecień 2018
70;38;ANT/25/04/2018;vat;True;ANTHEAP;Warszawa;1830;420,9;2250,9;PLN;transfer;2250,9;Faktura-VAT;2018-04-12 15:18;czwartek, 12 kwiecień 2018;czwartek, 12 kwiecień 2018;czwartek, 19 kwiecień 2018
74;27;ANT/29/04/2018;vat;True;ANTHEAP;Warszawa;4070;936,1;5006,1;PLN;transfer;5006,1;Faktura-VAT;2018-04-13 14:10;piątek, 13 kwiecień 2018;piątek, 13 kwiecień 2018;piątek, 20 kwiecień 2018
77;6;ANT/31/04/2018;vat;True;ANTHEAP;Warszawa;5950;1368,5;7318,5;PLN;transfer;7318,5;Faktura-VAT;2018-04-20 14:11;piątek, 20 kwiecień 2018;piątek, 20 kwiecień 2018;piątek, 20 kwiecień 2018
82;2;ANT/3/05/2018;vat;True;ANTHEAP;Warszawa;1850;425,5;2275,5;PLN;transfer;2275,5;Faktura-VAT;2018-05-02 17:54;środa, 2 maj 2018;środa, 2 maj 2018;środa, 9 maj 2018
119;3;ANT/30/05/2018;vat;True;ANTHEAP;Warszawa;8170;1879,1;10049,1;PLN;transfer;10049,1;Faktura-VAT;2018-05-22 13:13;wtorek, 22 maj 2018;wtorek, 22 maj 2018;wtorek, 22 maj 2018
122;47;ANT/33/05/2018;vat;True;ANTHEAP;Warszawa;7525;1730,75;9255,75;PLN;transfer;9255,75;Faktura-VAT;2018-05-27 19:38;niedziela, 27 maj 2018;niedziela, 27 maj 2018;wtorek, 29 maj 2018
123;117;ANT/34/05/2018;vat;True;ANTHEAP;Warszawa;1350;310,5;1660,5;PLN;transfer;1660,5;Faktura-VAT;2018-05-28 18:12;poniedziałek, 28 maj 2018;poniedziałek, 28 maj 2018;środa, 30 maj 2018
130;12;ANT/3/06/2018;vat;True;ANTHEAP;Warszawa;1726;396,98;2122,98;PLN;transfer;2122,98;Faktura-VAT;2018-06-04 10:47;piątek, 1 czerwiec 2018;piątek, 1 czerwiec 2018;poniedziałek, 11 czerwiec 2018
137;41;ANT/6/06/2018;vat;True;ANTHEAP;Warszawa;3530;811,9;4341,9;PLN;transfer;4341,9;Faktura-VAT;2018-06-04 11:08;piątek, 1 czerwiec 2018;piątek, 1 czerwiec 2018;poniedziałek, 11 czerwiec 2018
143;38;ANT/9/06/2018;vat;True;ANTHEAP;Warszawa;1830;420,9;2250,9;PLN;transfer;2250,9;Faktura-VAT;2018-06-04 12:26;piątek, 1 czerwiec 2018;piątek, 1 czerwiec 2018;poniedziałek, 11 czerwiec 2018
148;48;ANT/11/06/2018;vat;True;ANTHEAP;Warszawa;2900;667;3567;PLN;transfer;3567;Faktura-VAT;2018-06-04 12:50;piątek, 1 czerwiec 2018;piątek, 1 czerwiec 2018;poniedziałek, 11 czerwiec 2018
151;51;ANT/14/06/2018;vat;True;ANTHEAP;Warszawa;2430;558,9;2988,9;PLN;transfer;2988,9;Faktura-VAT;2018-06-04 12:52;piątek, 1 czerwiec 2018;piątek, 1 czerwiec 2018;poniedziałek, 11 czerwiec 2018
166;47;ANT/25/06/2018;vat;True;ANTHEAP;Warszawa;1830;420,9;2250,9;PLN;transfer;2250,9;Faktura-VAT;2018-06-04 14:56;piątek, 1 czerwiec 2018;piątek, 1 czerwiec 2018;poniedziałek, 11 czerwiec 2018
173;77;ANT/42/05/2018;vat;True;ANTHEAP;Warszawa;2025;465,75;2490,75;PLN;transfer;2490,75;Faktura-VAT;2018-06-08 14:11;czwartek, 31 maj 2018;czwartek, 31 maj 2018;czwartek, 31 maj 2018
177;47;ANT/31/06/2018;vat;True;ANTHEAP;Warszawa;15983;3676,09;19659,09;PLN;transfer;19659,09;Faktura-VAT;2018-06-14 11:58;czwartek, 14 czerwiec 2018;czwartek, 14 czerwiec 2018;poniedziałek, 18 czerwiec 2018
183;132;ANT/33/06/2018;vat;True;ANTHEAP;Warszawa;3400;782;4182;PLN;transfer;4182;Faktura-VAT;2018-06-27 14:17;środa, 27 czerwiec 2018;środa, 27 czerwiec 2018;środa, 27 czerwiec 2018
184;88;ANT/34/06/2018;vat;True;ANTHEAP;Warszawa;3558,5;818,455;4376,955;PLN;transfer;4376,955;Faktura-VAT;2018-06-28 17:55;czwartek, 28 czerwiec 2018;czwartek, 28 czerwiec 2018;czwartek, 28 czerwiec 2018
187;9;ANT/2/07/2018;vat;True;ANTHEAP;Warszawa;3325;764,75;4089,75;PLN;transfer;4089,75;Faktura-VAT;2018-07-04 14:30;niedziela, 1 lipiec 2018;niedziela, 1 lipiec 2018;środa, 11 lipiec 2018
190;12;ANT/4/07/2018;vat;True;ANTHEAP;Warszawa;1726;396,98;2122,98;PLN;transfer;2122,98;Faktura-VAT;2018-07-04 14:31;niedziela, 1 lipiec 2018;niedziela, 1 lipiec 2018;środa, 11 lipiec 2018
197;38;ANT/8/07/2018;vat;True;ANTHEAP;Warszawa;1830;420,9;2250,9;PLN;transfer;2250,9;Faktura-VAT;2018-07-04 14:36;niedziela, 1 lipiec 2018;niedziela, 1 lipiec 2018;środa, 11 lipiec 2018
200;41;ANT/10/07/2018;vat;True;ANTHEAP;Warszawa;3530;811,9;4341,9;PLN;transfer;4341,9;Faktura-VAT;2018-07-04 14:37;niedziela, 1 lipiec 2018;niedziela, 1 lipiec 2018;środa, 11 lipiec 2018
202;48;ANT/11/07/2018;vat;True;ANTHEAP;Warszawa;2900;667;3567;PLN;transfer;3567;Faktura-VAT;2018-07-04 14:39;niedziela, 1 lipiec 2018;niedziela, 1 lipiec 2018;środa, 11 lipiec 2018
205;51;ANT/13/07/2018;vat;True;ANTHEAP;Warszawa;2430;558,9;2988,9;PLN;transfer;2988,9;Faktura-VAT;2018-07-04 14:40;niedziela, 1 lipiec 2018;niedziela, 1 lipiec 2018;środa, 11 lipiec 2018
208;2;ANT/15/07/2018;vat;True;ANTHEAP;Warszawa;1850;425,5;2275,5;PLN;transfer;2275,5;Faktura-VAT;2018-07-04 14:41;niedziela, 1 lipiec 2018;niedziela, 1 lipiec 2018;środa, 11 lipiec 2018
223;47;ANT/28/07/2018;vat;True;ANTHEAP;Warszawa;1830;420,9;2250,9;PLN;transfer;2250,9;Faktura-VAT;2018-07-06 08:58;poniedziałek, 2 lipiec 2018;poniedziałek, 2 lipiec 2018;piątek, 13 lipiec 2018
225;88;ANT/30/07/2018;vat;True;ANTHEAP;Warszawa;3558,5;818,455;4376,955;PLN;transfer;4376,955;Faktura-VAT;2018-07-23 12:57;poniedziałek, 23 lipiec 2018;poniedziałek, 23 lipiec 2018;środa, 25 lipiec 2018
226;88;ANT/31/07/2018;vat;True;ANTHEAP;Warszawa;2028,12;466,4676;2494,5876;PLN;transfer;2494,5876;Faktura-VAT;2018-07-23 13:07;poniedziałek, 23 lipiec 2018;poniedziałek, 23 lipiec 2018;środa, 25 lipiec 2018
227;139;ANT/32/07/2018;vat;True;ANTHEAP;Warszawa;2270;522,1;2792,1;PLN;transfer;2792,1;Faktura-VAT;2018-07-27 15:07;piątek, 27 lipiec 2018;piątek, 27 lipiec 2018;piątek, 3 sierpień 2018
228;4;ANT/33/07/2018;vat;True;ANTHEAP;Warszawa;2350;540,5;2890,5;PLN;transfer;2890,5;Faktura-VAT;2018-07-27 15:43;piątek, 27 lipiec 2018;piątek, 27 lipiec 2018;piątek, 3 sierpień 2018
239;2;ANT/7/08/2018;vat;True;ANTHEAP;Warszawa;1850;425,5;2275,5;PLN;transfer;2275,5;Faktura-VAT;2018-08-01 14:16;środa, 1 sierpień 2018;środa, 1 sierpień 2018;środa, 8 sierpień 2018
241;48;ANT/8/08/2018;vat;True;ANTHEAP;Warszawa;2900;667;3567;PLN;transfer;3567;Faktura-VAT;2018-08-01 14:17;środa, 1 sierpień 2018;środa, 1 sierpień 2018;środa, 8 sierpień 2018
244;9;ANT/9/08/2018;vat;True;ANTHEAP;Warszawa;3325;764,75;4089,75;PLN;transfer;4089,75;Faktura-VAT;2018-08-06 09:52;środa, 1 sierpień 2018;środa, 1 sierpień 2018;poniedziałek, 13 sierpień 2018
247;12;ANT/11/08/2018;vat;True;ANTHEAP;Warszawa;1726;396,98;2122,98;PLN;transfer;2122,98;Faktura-VAT;2018-08-06 09:55;środa, 1 sierpień 2018;środa, 1 sierpień 2018;poniedziałek, 13 sierpień 2018
252;41;ANT/14/08/2018;vat;True;ANTHEAP;Warszawa;3530;811,9;4341,9;PLN;transfer;4341,9;Faktura-VAT;2018-08-06 10:01;środa, 1 sierpień 2018;środa, 1 sierpień 2018;poniedziałek, 13 sierpień 2018
258;26;ANT/19/08/2018;vat;True;ANTHEAP;Warszawa;8850;2035,5;10885,5;PLN;transfer;10885,5;Faktura-VAT;2018-08-06 10:54;środa, 1 sierpień 2018;środa, 1 sierpień 2018;poniedziałek, 13 sierpień 2018
261;88;ANT/22/08/2018;vat;True;ANTHEAP;Warszawa;3430;788,9;4218,9;PLN;transfer;4218,9;Faktura-VAT;2018-08-06 11:25;środa, 1 sierpień 2018;środa, 1 sierpień 2018;poniedziałek, 13 sierpień 2018
270;13;ANT/30/08/2018;vat;True;ANTHEAP;Warszawa;1840,65;423,3495;2263,9995;PLN;transfer;2263,9995;Faktura-VAT;2018-08-16 14:52;czwartek, 16 sierpień 2018;czwartek, 16 sierpień 2018;poniedziałek, 20 sierpień 2018
271;35;ANT/31/08/2018;vat;True;ANTHEAP;Warszawa;3150;724,5;3874,5;PLN;transfer;3874,5;Faktura-VAT;2018-08-20 16:20;wtorek, 21 sierpień 2018;wtorek, 21 sierpień 2018;wtorek, 21 sierpień 2018
273;13;ANT/33/08/2018;vat;True;ANTHEAP;Warszawa;3650;839,5;4489,5;PLN;transfer;4489,5;Faktura-VAT;2018-08-23 11:50;czwartek, 23 sierpień 2018;czwartek, 23 sierpień 2018;czwartek, 30 sierpień 2018
277;2;ANT/1/09/2018;vat;True;ANTHEAP;Warszawa;1850;425,5;2275,5;PLN;transfer;2275,5;Faktura-VAT;2018-09-03 17:10;sobota, 1 wrzesień 2018;sobota, 1 wrzesień 2018;poniedziałek, 10 wrzesień 2018
279;48;ANT/2/09/2018;vat;True;ANTHEAP;Warszawa;2900;667;3567;PLN;transfer;3567;Faktura-VAT;2018-09-03 17:14;sobota, 1 wrzesień 2018;sobota, 1 wrzesień 2018;poniedziałek, 10 wrzesień 2018
283;12;ANT/5/09/2018;vat;True;ANTHEAP;Warszawa;1726;396,98;2122,98;PLN;transfer;2122,98;Faktura-VAT;2018-09-03 17:17;sobota, 1 wrzesień 2018;sobota, 1 wrzesień 2018;poniedziałek, 10 wrzesień 2018
291;41;ANT/11/09/2018;vat;True;ANTHEAP;Warszawa;3530;811,9;4341,9;PLN;transfer;4341,9;Faktura-VAT;2018-09-03 17:23;sobota, 1 wrzesień 2018;sobota, 1 wrzesień 2018;poniedziałek, 10 wrzesień 2018
300;88;ANT/19/09/2018;vat;True;ANTHEAP;Warszawa;3430;788,9;4218,9;PLN;transfer;4218,9;Faktura-VAT;2018-09-03 18:42;sobota, 1 wrzesień 2018;sobota, 1 wrzesień 2018;poniedziałek, 10 wrzesień 2018
307;3;ANT/24/09/2018;vat;True;ANTHEAP;Warszawa;1768,94;406,8562;2175,7962;PLN;transfer;2175,7962;Faktura-VAT;2018-09-03 19:16;poniedziałek, 3 wrzesień 2018;poniedziałek, 3 wrzesień 2018;poniedziałek, 10 wrzesień 2018
308;88;ANT/25/09/2018;vat;True;ANTHEAP;Warszawa;2057,58;473,2434;2530,8234;PLN;transfer;2530,8234;Faktura-VAT;2018-09-03 19:23;poniedziałek, 3 wrzesień 2018;poniedziałek, 3 wrzesień 2018;poniedziałek, 10 wrzesień 2018
309;13;ANT/26/09/2018;vat;True;ANTHEAP;Warszawa;1897,36;436,3928;2333,7528;PLN;transfer;2333,7528;Faktura-VAT;2018-09-03 19:27;poniedziałek, 3 wrzesień 2018;poniedziałek, 3 wrzesień 2018;poniedziałek, 10 wrzesień 2018
310;47;ANT/27/09/2018;vat;True;ANTHEAP;Warszawa;2702,36;621,5428;3323,9028;PLN;transfer;3323,9028;Faktura-VAT;2018-09-03 19:30;poniedziałek, 3 wrzesień 2018;poniedziałek, 3 wrzesień 2018;poniedziałek, 10 wrzesień 2018
311;14;ANT/28/09/2018;vat;True;ANTHEAP;Warszawa;1420,6;326,738;1747,338;PLN;transfer;1747,338;Faktura-VAT;2018-09-03 19:32;poniedziałek, 3 wrzesień 2018;poniedziałek, 3 wrzesień 2018;poniedziałek, 10 wrzesień 2018
313;9;ANT/29/09/2018;vat;True;ANTHEAP;Warszawa;3325;764,75;4089,75;PLN;transfer;4089,75;Faktura-VAT;2018-09-05 10:59;sobota, 1 wrzesień 2018;sobota, 1 wrzesień 2018;środa, 12 wrzesień 2018
315;2;ANT/31/09/2018;vat;True;ANTHEAP;Warszawa;1314,64;302,3672;1617,0072;PLN;transfer;1617,0072;Faktura-VAT;2018-09-06 15:44;czwartek, 6 wrzesień 2018;czwartek, 6 wrzesień 2018;czwartek, 13 wrzesień 2018
316;3;ANT/32/09/2018;vat;True;ANTHEAP;Warszawa;2690;618,7;3308,7;PLN;transfer;3308,7;Faktura-VAT;2018-09-10 12:51;poniedziałek, 10 wrzesień 2018;poniedziałek, 10 wrzesień 2018;poniedziałek, 17 wrzesień 2018
317;77;ANT/33/09/2018;vat;True;ANTHEAP;Warszawa;1604,89;369,1247;1974,0147;PLN;transfer;1974,0147;Faktura-VAT;2018-09-11 12:51;wtorek, 11 wrzesień 2018;wtorek, 11 wrzesień 2018;czwartek, 13 wrzesień 2018
320;11;ANT/35/09/2018;vat;True;ANTHEAP;Warszawa;1871,01;430,3323;2301,3423;PLN;transfer;2301,3423;Faktura-VAT;2018-09-19 13:52;środa, 19 wrzesień 2018;środa, 19 wrzesień 2018;środa, 26 wrzesień 2018
337;2;ANT/12/10/2018;vat;True;ANTHEAP;Warszawa;1353,7;311,351;1665,051;PLN;transfer;1665,051;Faktura-VAT;2018-10-02 13:10;poniedziałek, 1 październik 2018;poniedziałek, 1 październik 2018;wtorek, 9 październik 2018
338;11;ANT/13/10/2018;vat;True;ANTHEAP;Warszawa;3109,81;715,2563;3825,0663;PLN;transfer;3825,0663;Faktura-VAT;2018-10-02 13:12;poniedziałek, 1 październik 2018;poniedziałek, 1 październik 2018;wtorek, 9 październik 2018
339;13;ANT/14/10/2018;vat;True;ANTHEAP;Warszawa;1894,54;435,7442;2330,2842;PLN;transfer;2330,2842;Faktura-VAT;2018-10-02 13:15;poniedziałek, 1 październik 2018;poniedziałek, 1 październik 2018;wtorek, 9 październik 2018
340;14;ANT/15/10/2018;vat;True;ANTHEAP;Warszawa;1419,55;326,4965;1746,0465;PLN;transfer;1746,0465;Faktura-VAT;2018-10-02 13:20;poniedziałek, 1 październik 2018;poniedziałek, 1 październik 2018;wtorek, 9 październik 2018
341;26;ANT/16/10/2018;vat;True;ANTHEAP;Warszawa;3047,54;700,9342;3748,4742;PLN;transfer;3748,4742;Faktura-VAT;2018-10-02 13:30;poniedziałek, 1 październik 2018;poniedziałek, 1 październik 2018;wtorek, 9 październik 2018
342;88;ANT/17/10/2018;vat;True;ANTHEAP;Warszawa;2054,15;472,4545;2526,6045;PLN;transfer;2526,6045;Faktura-VAT;2018-10-02 13:38;poniedziałek, 1 październik 2018;poniedziałek, 1 październik 2018;wtorek, 9 październik 2018
343;47;ANT/18/10/2018;vat;True;ANTHEAP;Warszawa;2696,68;620,2364;3316,9164;PLN;transfer;3316,9164;Faktura-VAT;2018-10-02 13:40;poniedziałek, 1 październik 2018;poniedziałek, 1 październik 2018;wtorek, 9 październik 2018
344;53;ANT/19/10/2018;vat;True;ANTHEAP;Warszawa;1225,25;281,8075;1507,0575;PLN;transfer;1507,0575;Faktura-VAT;2018-10-02 13:46;poniedziałek, 1 październik 2018;poniedziałek, 1 październik 2018;wtorek, 9 październik 2018
345;3;ANT/20/10/2018;vat;True;ANTHEAP;Warszawa;1766,61;406,3203;2172,9303;PLN;transfer;2172,9303;Faktura-VAT;2018-10-02 14:19;poniedziałek, 1 październik 2018;poniedziałek, 1 październik 2018;wtorek, 9 październik 2018
349;9;ANT/22/10/2018;vat;True;ANTHEAP;Warszawa;3325;764,75;4089,75;PLN;transfer;4089,75;Faktura-VAT;2018-10-04 15:18;czwartek, 4 październik 2018;czwartek, 4 październik 2018;czwartek, 11 październik 2018
352;12;ANT/24/10/2018;vat;True;ANTHEAP;Warszawa;1726;396,98;2122,98;PLN;transfer;2122,98;Faktura-VAT;2018-10-04 15:19;czwartek, 4 październik 2018;czwartek, 4 październik 2018;czwartek, 11 październik 2018
361;47;ANT/31/10/2018;vat;True;ANTHEAP;Warszawa;1830;420,9;2250,9;PLN;transfer;2250,9;Faktura-VAT;2018-10-04 15:22;czwartek, 4 październik 2018;czwartek, 4 październik 2018;czwartek, 11 październik 2018
365;2;ANT/34/10/2018;vat;True;ANTHEAP;Warszawa;1850;425,5;2275,5;PLN;transfer;2275,5;Faktura-VAT;2018-10-04 15:24;czwartek, 4 październik 2018;czwartek, 4 październik 2018;czwartek, 11 październik 2018
367;13;ANT/35/10/2018;vat;True;ANTHEAP;Warszawa;4480;1030,4;5510,4;PLN;transfer;5510,4;Faktura-VAT;2018-10-05 14:24;piątek, 5 październik 2018;piątek, 5 październik 2018;piątek, 12 październik 2018
368;50;ANT/36/10/2018;vat;True;ANTHEAP;Warszawa;2150;494,5;2644,5;PLN;transfer;2644,5;Faktura-VAT;2018-10-05 14:47;piątek, 5 październik 2018;piątek, 5 październik 2018;poniedziałek, 8 październik 2018
370;4;ANT/37/10/2018;vat;True;ANTHEAP;Warszawa;1337,56;307,6388;1645,1988;PLN;transfer;1645,1988;Faktura-VAT;2018-10-09 16:44;wtorek, 9 październik 2018;wtorek, 9 październik 2018;wtorek, 16 październik 2018
371;151;ANT/38/10/2018;vat;True;ANTHEAP;Warszawa;2150;494,5;2644,5;PLN;transfer;2644,5;Faktura-VAT;2018-10-12 13:44;piątek, 12 październik 2018;piątek, 12 październik 2018;piątek, 12 październik 2018
372;2;ANT/39/10/2018;vat;True;ANTHEAP;Warszawa;2030;466,9;2496,9;PLN;transfer;2496,9;Faktura-VAT;2018-10-17 12:57;środa, 17 październik 2018;środa, 17 październik 2018;piątek, 19 październik 2018
374;26;ANT/40/10/2018;vat;True;ANTHEAP;Warszawa;1176,82;270,6686;1447,4886;PLN;transfer;1447,4886;Faktura-VAT;2018-10-17 14:37;środa, 17 październik 2018;środa, 17 październik 2018;środa, 24 październik 2018
375;88;ANT/42/10/2018;vat;True;ANTHEAP;Warszawa;4210;968,3;5178,3;PLN;transfer;5178,3;Faktura-VAT;2018-10-18 11:53;czwartek, 18 październik 2018;czwartek, 18 październik 2018;czwartek, 18 październik 2018
376;153;ANT/43/10/2018;vat;True;ANTHEAP;Warszawa;1750;402,5;2152,5;PLN;transfer;2152,5;Faktura-VAT;2018-10-18 14:16;czwartek, 18 październik 2018;czwartek, 18 październik 2018;piątek, 19 październik 2018
380;154;ANT/46/10/2018;vat;True;ANTHEAP;Warszawa;2700;621;3321;PLN;transfer;3321;Faktura-VAT;2018-10-29 10:53;poniedziałek, 29 październik 2018;poniedziałek, 29 październik 2018;poniedziałek, 29 październik 2018
381;139;ANT/47/10/2018;vat;True;ANTHEAP;Warszawa;1396,2;321,126;1717,326;PLN;transfer;1717,326;Faktura-VAT;2018-10-29 13:10;poniedziałek, 29 październik 2018;poniedziałek, 29 październik 2018;poniedziałek, 5 listopad 2018
383;11;ANT/2/11/2018;vat;True;ANTHEAP;Warszawa;3130,72;720,0656;3850,7856;PLN;transfer;3850,7856;Faktura-VAT;2018-11-05 11:19;piątek, 2 listopad 2018;piątek, 2 listopad 2018;poniedziałek, 12 listopad 2018
384;13;ANT/3/11/2018;vat;True;ANTHEAP;Warszawa;1929,71;443,8333;2373,5433;PLN;transfer;2373,5433;Faktura-VAT;2018-11-05 11:23;piątek, 2 listopad 2018;piątek, 2 listopad 2018;poniedziałek, 12 listopad 2018
385;14;ANT/4/11/2018;vat;True;ANTHEAP;Warszawa;1422,4;327,152;1749,552;PLN;transfer;1749,552;Faktura-VAT;2018-11-05 11:25;piątek, 2 listopad 2018;piątek, 2 listopad 2018;poniedziałek, 12 listopad 2018
386;26;ANT/5/11/2018;vat;True;ANTHEAP;Warszawa;3295,52;757,9696;4053,4896;PLN;transfer;4053,4896;Faktura-VAT;2018-11-05 11:29;piątek, 2 listopad 2018;piątek, 2 listopad 2018;poniedziałek, 12 listopad 2018
387;88;ANT/6/11/2018;vat;True;ANTHEAP;Warszawa;2000,22;460,0506;2460,2706;PLN;transfer;2460,2706;Faktura-VAT;2018-11-05 11:32;piątek, 2 listopad 2018;piątek, 2 listopad 2018;poniedziałek, 12 listopad 2018
388;4;ANT/7/11/2018;vat;True;ANTHEAP;Warszawa;1414,6;325,358;1739,958;PLN;transfer;1739,958;Faktura-VAT;2018-11-05 11:35;piątek, 2 listopad 2018;piątek, 2 listopad 2018;poniedziałek, 12 listopad 2018
389;47;ANT/8/11/2018;vat;True;ANTHEAP;Warszawa;2712,82;623,9486;3336,7686;PLN;transfer;3336,7686;Faktura-VAT;2018-11-05 11:37;piątek, 2 listopad 2018;piątek, 2 listopad 2018;poniedziałek, 12 listopad 2018
390;53;ANT/9/11/2018;vat;True;ANTHEAP;Warszawa;1188,05;273,2515;1461,3015;PLN;transfer;1461,3015;Faktura-VAT;2018-11-05 11:40;piątek, 2 listopad 2018;piątek, 2 listopad 2018;poniedziałek, 12 listopad 2018
391;3;ANT/10/11/2018;vat;True;ANTHEAP;Warszawa;1773,19;407,8337;2181,0237;PLN;transfer;2181,0237;Faktura-VAT;2018-11-05 11:42;piątek, 2 listopad 2018;piątek, 2 listopad 2018;poniedziałek, 12 listopad 2018
398;6;ANT/17/11/2018;vat;True;ANTHEAP;Warszawa;2860;657,8;3517,8;PLN;transfer;3517,8;Faktura-VAT;2018-11-05 12:16;piątek, 2 listopad 2018;piątek, 2 listopad 2018;poniedziałek, 12 listopad 2018
399;139;ANT/18/11/2018;vat;True;ANTHEAP;Warszawa;2200;506;2706;PLN;transfer;2706;Faktura-VAT;2018-11-05 12:17;piątek, 2 listopad 2018;piątek, 2 listopad 2018;poniedziałek, 12 listopad 2018
400;3;ANT/19/11/2018;vat;True;ANTHEAP;Warszawa;2510;577,3;3087,3;PLN;transfer;3087,3;Faktura-VAT;2018-11-05 12:18;piątek, 2 listopad 2018;piątek, 2 listopad 2018;poniedziałek, 12 listopad 2018
408;9;ANT/24/11/2018;vat;True;ANTHEAP;Warszawa;3325;764,75;4089,75;PLN;transfer;4089,75;Faktura-VAT;2018-11-05 12:48;piątek, 2 listopad 2018;piątek, 2 listopad 2018;poniedziałek, 12 listopad 2018
411;12;ANT/26/11/2018;vat;True;ANTHEAP;Warszawa;1726;396,98;2122,98;PLN;transfer;2122,98;Faktura-VAT;2018-11-05 12:49;piątek, 2 listopad 2018;piątek, 2 listopad 2018;poniedziałek, 12 listopad 2018
419;41;ANT/32/11/2018;vat;True;ANTHEAP;Warszawa;3530;811,9;4341,9;PLN;transfer;4341,9;Faktura-VAT;2018-11-05 12:53;piątek, 2 listopad 2018;piątek, 2 listopad 2018;poniedziałek, 12 listopad 2018
423;48;ANT/35/11/2018;vat;True;ANTHEAP;Warszawa;2900;667;3567;PLN;transfer;3567;Faktura-VAT;2018-11-05 12:55;piątek, 2 listopad 2018;piątek, 2 listopad 2018;poniedziałek, 12 listopad 2018
428;88;ANT/37/11/2018;vat;True;ANTHEAP;Warszawa;4210;968,3;5178,3;PLN;transfer;5178,3;Faktura-VAT;2018-11-08 11:24;środa, 7 listopad 2018;środa, 7 listopad 2018;środa, 7 listopad 2018
429;12;ANT/38/11/2018;vat;True;ANTHEAP;Warszawa;1385,37;318,6351;1704,0051;PLN;transfer;1704,0051;Faktura-VAT;2018-11-14 13:31;środa, 14 listopad 2018;środa, 14 listopad 2018;piątek, 16 listopad 2018
432;156;ANT/40/11/2018;vat;True;ANTHEAP;Warszawa;1200,05;276,0115;1476,0615;PLN;transfer;1476,0615;Faktura-VAT;2018-11-26 18:58;poniedziałek, 26 listopad 2018;poniedziałek, 26 listopad 2018;piątek, 30 listopad 2018
433;156;ANT/41/11/2018;vat;True;ANTHEAP;Warszawa;3400;782;4182;PLN;transfer;4182;Faktura-VAT;2018-11-28 11:20;środa, 28 listopad 2018;środa, 28 listopad 2018;środa, 5 grudzień 2018
436;157;ANT/43/11/2018;vat;True;ANTHEAP;Warszawa;26030,1;5986,923;32017,023;PLN;transfer;32017,023;Faktura-VAT;2018-11-30 13:45;piątek, 30 listopad 2018;piątek, 30 listopad 2018;piątek, 7 grudzień 2018
437;13;ANT/1/12/2018;vat;True;ANTHEAP;Warszawa;1923,58;442,4234;2366,0034;PLN;transfer;2366,0034;Faktura-VAT;2018-12-03 13:33;poniedziałek, 3 grudzień 2018;poniedziałek, 3 grudzień 2018;poniedziałek, 10 grudzień 2018
438;14;ANT/2/12/2018;vat;True;ANTHEAP;Warszawa;1420,3;326,669;1746,969;PLN;transfer;1746,969;Faktura-VAT;2018-12-03 13:40;poniedziałek, 3 grudzień 2018;poniedziałek, 3 grudzień 2018;poniedziałek, 10 grudzień 2018
439;47;ANT/3/12/2018;vat;True;ANTHEAP;Warszawa;2814,24;647,2752;3461,5152;PLN;transfer;3461,5152;Faktura-VAT;2018-12-03 13:43;poniedziałek, 3 grudzień 2018;poniedziałek, 3 grudzień 2018;poniedziałek, 10 grudzień 2018
440;88;ANT/4/12/2018;vat;True;ANTHEAP;Warszawa;1948,46;448,1458;2396,6058;PLN;transfer;2396,6058;Faktura-VAT;2018-12-03 13:47;poniedziałek, 3 grudzień 2018;poniedziałek, 3 grudzień 2018;poniedziałek, 10 grudzień 2018
441;11;ANT/5/12/2018;vat;True;ANTHEAP;Warszawa;3115,05;716,4615;3831,5115;PLN;transfer;3831,5115;Faktura-VAT;2018-12-03 13:49;poniedziałek, 3 grudzień 2018;poniedziałek, 3 grudzień 2018;poniedziałek, 10 grudzień 2018
442;53;ANT/6/12/2018;vat;True;ANTHEAP;Warszawa;1187,76;273,1848;1460,9448;PLN;transfer;1460,9448;Faktura-VAT;2018-12-03 13:51;poniedziałek, 3 grudzień 2018;poniedziałek, 3 grudzień 2018;poniedziałek, 10 grudzień 2018
443;2;ANT/7/12/2018;vat;True;ANTHEAP;Warszawa;1383,44;318,1912;1701,6312;PLN;transfer;1701,6312;Faktura-VAT;2018-12-03 13:53;poniedziałek, 3 grudzień 2018;poniedziałek, 3 grudzień 2018;poniedziałek, 10 grudzień 2018
444;3;ANT/8/12/2018;vat;True;ANTHEAP;Warszawa;1768,26;406,6998;2174,9598;PLN;transfer;2174,9598;Faktura-VAT;2018-12-03 13:58;poniedziałek, 3 grudzień 2018;poniedziałek, 3 grudzień 2018;poniedziałek, 10 grudzień 2018
445;26;ANT/9/12/2018;vat;True;ANTHEAP;Warszawa;3392,42;780,2566;4172,6766;PLN;transfer;4172,6766;Faktura-VAT;2018-12-03 14:00;poniedziałek, 3 grudzień 2018;poniedziałek, 3 grudzień 2018;poniedziałek, 10 grudzień 2018
446;4;ANT/10/12/2018;vat;True;ANTHEAP;Warszawa;1412,62;324,9026;1737,5226;PLN;transfer;1737,5226;Faktura-VAT;2018-12-03 14:02;poniedziałek, 3 grudzień 2018;poniedziałek, 3 grudzień 2018;poniedziałek, 10 grudzień 2018
447;12;ANT/11/12/2018;vat;True;ANTHEAP;Warszawa;1468,34;337,7182;1806,0582;PLN;transfer;1806,0582;Faktura-VAT;2018-12-03 14:24;poniedziałek, 3 grudzień 2018;poniedziałek, 3 grudzień 2018;poniedziałek, 10 grudzień 2018
448;77;ANT/12/12/2018;vat;True;ANTHEAP;Warszawa;1356,82;312,0686;1668,8886;PLN;transfer;1668,8886;Faktura-VAT;2018-12-03 14:43;poniedziałek, 3 grudzień 2018;poniedziałek, 3 grudzień 2018;poniedziałek, 10 grudzień 2018
450;9;ANT/13/12/2018;vat;True;ANTHEAP;Warszawa;3325;764,75;4089,75;PLN;transfer;4089,75;Faktura-VAT;2018-12-03 21:04;poniedziałek, 3 grudzień 2018;poniedziałek, 3 grudzień 2018;poniedziałek, 10 grudzień 2018
453;10;ANT/14/12/2018;vat;True;ANTHEAP;Warszawa;1670;384,1;2054,1;PLN;transfer;2054,1;Faktura-VAT;2018-12-03 21:06;poniedziałek, 3 grudzień 2018;poniedziałek, 3 grudzień 2018;poniedziałek, 10 grudzień 2018
455;12;ANT/15/12/2018;vat;True;ANTHEAP;Warszawa;1726;396,98;2122,98;PLN;transfer;2122,98;Faktura-VAT;2018-12-03 21:07;poniedziałek, 3 grudzień 2018;poniedziałek, 3 grudzień 2018;poniedziałek, 10 grudzień 2018
463;41;ANT/22/12/2018;vat;True;ANTHEAP;Warszawa;3530;811,9;4341,9;PLN;transfer;4341,9;Faktura-VAT;2018-12-03 21:12;poniedziałek, 3 grudzień 2018;poniedziałek, 3 grudzień 2018;poniedziałek, 10 grudzień 2018
467;48;ANT/25/12/2018;vat;True;ANTHEAP;Warszawa;2900;667;3567;PLN;transfer;3567;Faktura-VAT;2018-12-03 21:14;poniedziałek, 3 grudzień 2018;poniedziałek, 3 grudzień 2018;poniedziałek, 10 grudzień 2018
475;2;ANT/18/12/2018;vat;True;ANTHEAP;Warszawa;2730;627,9;3357,9;PLN;transfer;3357,9;Faktura-VAT;2018-12-03 21:27;poniedziałek, 3 grudzień 2018;poniedziałek, 3 grudzień 2018;poniedziałek, 10 grudzień 2018
486;157;ANT/39/12/2018;vat;True;ANTHEAP;Warszawa;2950;678,5;3628,5;PLN;transfer;3628,5;Faktura-VAT;2018-12-12 11:52;środa, 12 grudzień 2018;środa, 12 grudzień 2018;środa, 19 grudzień 2018
487;11;ANT/40/12/2018;vat;True;ANTHEAP;Warszawa;1166,07;268,1961;1434,2661;PLN;transfer;1434,2661;Faktura-VAT;2018-12-12 13:26;środa, 12 grudzień 2018;środa, 12 grudzień 2018;środa, 19 grudzień 2018
488;47;ANT/41/12/2018;vat;True;ANTHEAP;Warszawa;1203,51;276,8073;1480,3173;PLN;transfer;1480,3173;Faktura-VAT;2018-12-12 13:43;środa, 12 grudzień 2018;środa, 12 grudzień 2018;środa, 19 grudzień 2018
489;157;ANT/42/12/2018;vat;True;ANTHEAP;Warszawa;1157,54;266,2342;1423,7742;PLN;transfer;1423,7742;Faktura-VAT;2018-12-18 15:13;wtorek, 18 grudzień 2018;wtorek, 18 grudzień 2018;czwartek, 20 grudzień 2018
492;14;ANT/43/12/2018;vat;True;ANTHEAP;Warszawa;4990;1147,7;6137,7;PLN;transfer;6137,7;Faktura-VAT;2018-12-27 18:47;czwartek, 27 grudzień 2018;czwartek, 27 grudzień 2018;czwartek, 27 grudzień 2018
495;20;ANT/46/12/2018;vat;True;ANTHEAP;Warszawa;3334;766,82;4100,82;PLN;transfer;4100,82;Faktura-VAT;2019-01-02 11:21;poniedziałek, 31 grudzień 2018;poniedziałek, 31 grudzień 2018;czwartek, 3 styczeń 2019
67;27;vatANT/41/03/2018;vat;;ANTHEAP;Warszawa;2110;485,3;2595,3;PLN;transfer;0;Faktura-VAT;2018-04-04 14:15;piątek, 30 marzec 2018;piątek, 30 marzec 2018;piątek, 13 kwiecień 2018
131;14;ANT/4/06/2018;vat;;ANTHEAP;Warszawa;2650;609,5;3259,5;PLN;transfer;0;Faktura-VAT;2018-06-04 10:50;piątek, 1 czerwiec 2018;piątek, 1 czerwiec 2018;czwartek, 14 czerwiec 2018
135;41;ANT/6/06/2018;vat;;ANTHEAP;Warszawa;3530;811,9;4341,9;PLN;transfer;0;Faktura-VAT;2018-06-04 11:07;piątek, 1 czerwiec 2018;piątek, 1 czerwiec 2018;poniedziałek, 11 czerwiec 2018
296;27;ANT/16/09/2018;vat;;ANTHEAP;Warszawa;3670;844,1;4514,1;PLN;transfer;0;Faktura-VAT;2018-09-03 18:36;sobota, 1 wrzesień 2018;sobota, 1 wrzesień 2018;poniedziałek, 10 wrzesień 2018
86;12;vatANT/35/04/2018;vat;;ANTHEAP;Warszawa;1838,5;422,855;2261,355;PLN;transfer;0;Faktura-VAT;2018-05-02 18:02;poniedziałek, 30 kwiecień 2018;poniedziałek, 30 kwiecień 2018;środa, 9 maj 2018
134;11;ANT/6/06/2018;vat;;ANTHEAP;Warszawa;5150;1184,5;6334,5;PLN;transfer;0;Faktura-VAT;2018-06-04 11:01;piątek, 1 czerwiec 2018;piątek, 1 czerwiec 2018;poniedziałek, 11 czerwiec 2018
136;41;ANT/6/06/2018;vat;;ANTHEAP;Warszawa;3530;811,9;4341,9;PLN;transfer;0;Faktura-VAT;2018-06-04 11:08;piątek, 1 czerwiec 2018;piątek, 1 czerwiec 2018;poniedziałek, 11 czerwiec 2018
138;22;vatANT/36/05/2018;vat;;ANTHEAP;Warszawa;1990;457,7;2447,7;PLN;transfer;0;Faktura-VAT;2018-06-04 11:22;czwartek, 31 maj 2018;czwartek, 31 maj 2018;poniedziałek, 11 czerwiec 2018
146;47;ANT/11/06/2018;vat;;ANTHEAP;Warszawa;3020;694,6;3714,6;PLN;transfer;0;Faktura-VAT;2018-06-04 12:31;poniedziałek, 4 czerwiec 2018;poniedziałek, 4 czerwiec 2018;poniedziałek, 11 czerwiec 2018
160;3;ANT/22/06/2018;vat;;ANTHEAP;Warszawa;3362;773,26;4135,26;PLN;transfer;0;Faktura-VAT;2018-06-04 13:24;piątek, 1 czerwiec 2018;piątek, 1 czerwiec 2018;poniedziałek, 11 czerwiec 2018
162;88;ANT/23/06/2018;vat;;ANTHEAP;Warszawa;4410;1014,3;5424,3;PLN;transfer;0;Faktura-VAT;2018-06-04 13:36;piątek, 1 czerwiec 2018;piątek, 1 czerwiec 2018;poniedziałek, 11 czerwiec 2018
171;88;ANT/29/06/2018;vat;;ANTHEAP;Warszawa;4410;1014,3;5424,3;PLN;transfer;0;Faktura-VAT;2018-06-04 16:41;piątek, 1 czerwiec 2018;piątek, 1 czerwiec 2018;poniedziałek, 11 czerwiec 2018
237;2;ANT/7/08/2018;vat;;ANTHEAP;Warszawa;1217,5;280,025;1497,525;PLN;transfer;0;Faktura-VAT;2018-08-01 14:13;wtorek, 31 lipiec 2018;wtorek, 31 lipiec 2018;środa, 8 sierpień 2018
242;9;ANT/9/08/2018;vat;;ANTHEAP;Warszawa;3165;727,95;3892,95;PLN;transfer;0;Faktura-VAT;2018-08-06 09:50;poniedziałek, 6 sierpień 2018;poniedziałek, 6 sierpień 2018;poniedziałek, 13 sierpień 2018
364;2;ANT/43/09/2018;vat;;ANTHEAP;Warszawa;3985;916,55;4901,55;PLN;transfer;0;Faktura-VAT;2018-10-04 15:24;niedziela, 30 wrzesień 2018;niedziela, 30 wrzesień 2018;czwartek, 11 październik 2018
5;14;ANT/5/03/2018;vat;True;ANTHEAP;Warszawa;2650;609,5;3259,5;PLN;transfer;3259,5;Faktura-VAT;2018-03-01 18:14;czwartek, 1 marzec 2018;czwartek, 1 marzec 2018;czwartek, 15 marzec 2018
45;14;vatANT/31/03/2018;vat;True;ANTHEAP;Warszawa;1870;430,1;2300,1;PLN;transfer;2300,1;Faktura-VAT;2018-04-02 21:05;piątek, 30 marzec 2018;piątek, 30 marzec 2018;poniedziałek, 9 kwiecień 2018
71;13;ANT/26/04/2018;vat;True;ANTHEAP;Warszawa;3650;839,5;4489,5;PLN;transfer;4489,5;Faktura-VAT;2018-04-13 11:55;piątek, 13 kwiecień 2018;piątek, 13 kwiecień 2018;piątek, 20 kwiecień 2018
72;26;ANT/27/04/2018;vat;True;ANTHEAP;Warszawa;8770;2017,1;10787,1;PLN;transfer;10787,1;Faktura-VAT;2018-04-13 13:55;piątek, 13 kwiecień 2018;piątek, 13 kwiecień 2018;piątek, 20 kwiecień 2018
73;7;ANT/28/04/2018;vat;True;ANTHEAP;Warszawa;2410;554,3;2964,3;PLN;transfer;2964,3;Faktura-VAT;2018-04-13 14:05;piątek, 13 kwiecień 2018;piątek, 13 kwiecień 2018;piątek, 20 kwiecień 2018
76;88;ANT/30/04/2018;vat;True;ANTHEAP;Warszawa;3570;821,1;4391,1;PLN;transfer;4391,1;Faktura-VAT;2018-04-20 14:05;piątek, 20 kwiecień 2018;piątek, 20 kwiecień 2018;piątek, 27 kwiecień 2018
78;8;ANT/32/04/2018;vat;True;ANTHEAP;Warszawa;2350;540,5;2890,5;PLN;transfer;2890,5;Faktura-VAT;2018-04-24 12:27;wtorek, 24 kwiecień 2018;wtorek, 24 kwiecień 2018;wtorek, 1 maj 2018
79;45;ANT/1/05/2018;vat;True;ANTHEAP;Warszawa;2150;494,5;2644,5;PLN;transfer;2644,5;Faktura-VAT;2018-05-02 16:10;środa, 2 maj 2018;środa, 2 maj 2018;środa, 9 maj 2018
80;49;ANT/2/05/2018;vat;True;ANTHEAP;Warszawa;1710;393,3;2103,3;PLN;transfer;2103,3;Faktura-VAT;2018-05-02 16:12;środa, 2 maj 2018;środa, 2 maj 2018;środa, 9 maj 2018
81;2;ANT/33/04/2018;vat;True;ANTHEAP;Warszawa;1757,5;404,225;2161,725;PLN;transfer;2161,725;Faktura-VAT;2018-05-02 17:53;poniedziałek, 30 kwiecień 2018;poniedziałek, 30 kwiecień 2018;środa, 9 maj 2018
83;9;ANT/34/04/2018;vat;True;ANTHEAP;Warszawa;2545;585,35;3130,35;PLN;transfer;3130,35;Faktura-VAT;2018-05-02 17:55;poniedziałek, 30 kwiecień 2018;poniedziałek, 30 kwiecień 2018;środa, 9 maj 2018
84;9;ANT/4/05/2018;vat;True;ANTHEAP;Warszawa;3325;764,75;4089,75;PLN;transfer;4089,75;Faktura-VAT;2018-05-02 17:56;środa, 2 maj 2018;środa, 2 maj 2018;środa, 9 maj 2018
85;10;ANT/5/05/2018;vat;True;ANTHEAP;Warszawa;1670;384,1;2054,1;PLN;transfer;2054,1;Faktura-VAT;2018-05-02 18:01;środa, 2 maj 2018;środa, 2 maj 2018;środa, 9 maj 2018
87;12;ANT/35/04/2018;vat;True;ANTHEAP;Warszawa;1838,5;422,855;2261,355;PLN;transfer;2261,355;Faktura-VAT;2018-05-02 18:04;poniedziałek, 30 kwiecień 2018;poniedziałek, 30 kwiecień 2018;środa, 9 maj 2018
88;12;ANT/6/05/2018;vat;True;ANTHEAP;Warszawa;1726;396,98;2122,98;PLN;transfer;2122,98;Faktura-VAT;2018-05-02 18:08;środa, 2 maj 2018;środa, 2 maj 2018;środa, 9 maj 2018
89;15;ANT/7/05/2018;vat;True;ANTHEAP;Warszawa;1730;397,9;2127,9;PLN;transfer;2127,9;Faktura-VAT;2018-05-02 20:00;środa, 2 maj 2018;środa, 2 maj 2018;środa, 9 maj 2018
90;23;ANT/8/05/2018;vat;True;ANTHEAP;Warszawa;2110;485,3;2595,3;PLN;transfer;2595,3;Faktura-VAT;2018-05-02 20:00;środa, 2 maj 2018;środa, 2 maj 2018;środa, 9 maj 2018
91;24;ANT/9/05/2018;vat;True;ANTHEAP;Warszawa;1790;411,7;2201,7;PLN;transfer;2201,7;Faktura-VAT;2018-05-02 20:01;środa, 2 maj 2018;środa, 2 maj 2018;środa, 9 maj 2018
92;38;ANT/10/05/2018;vat;True;ANTHEAP;Warszawa;1830;420,9;2250,9;PLN;transfer;2250,9;Faktura-VAT;2018-05-02 20:02;środa, 2 maj 2018;środa, 2 maj 2018;środa, 9 maj 2018
93;41;ANT/11/05/2018;vat;True;ANTHEAP;Warszawa;3530;811,9;4341,9;PLN;transfer;4341,9;Faktura-VAT;2018-05-02 20:02;środa, 2 maj 2018;środa, 2 maj 2018;środa, 9 maj 2018
94;47;ANT/12/05/2018;vat;True;ANTHEAP;Warszawa;1830;420,9;2250,9;PLN;transfer;2250,9;Faktura-VAT;2018-05-02 20:03;środa, 2 maj 2018;środa, 2 maj 2018;środa, 9 maj 2018
95;48;ANT/36/04/2018;vat;True;ANTHEAP;Warszawa;6350;1460,5;7810,5;PLN;transfer;7810,5;Faktura-VAT;2018-05-02 20:04;poniedziałek, 30 kwiecień 2018;poniedziałek, 30 kwiecień 2018;środa, 9 maj 2018
96;51;ANT/13/05/2018;vat;True;ANTHEAP;Warszawa;2430;558,9;2988,9;PLN;transfer;2988,9;Faktura-VAT;2018-05-02 20:05;środa, 2 maj 2018;środa, 2 maj 2018;środa, 9 maj 2018
97;27;ANT/14/05/2018;vat;True;ANTHEAP;Warszawa;4070;936,1;5006,1;PLN;transfer;5006,1;Faktura-VAT;2018-05-02 20:50;środa, 2 maj 2018;środa, 2 maj 2018;środa, 16 maj 2018
98;7;ANT/15/05/2018;vat;True;ANTHEAP;Warszawa;2410;554,3;2964,3;PLN;transfer;2964,3;Faktura-VAT;2018-05-02 20:51;środa, 2 maj 2018;środa, 2 maj 2018;środa, 16 maj 2018
99;26;ANT/16/05/2018;vat;True;ANTHEAP;Warszawa;8770;2017,1;10787,1;PLN;transfer;10787,1;Faktura-VAT;2018-05-02 20:51;środa, 2 maj 2018;środa, 2 maj 2018;środa, 16 maj 2018
100;88;ANT/17/05/2018;vat;True;ANTHEAP;Warszawa;3570;821,1;4391,1;PLN;transfer;4391,1;Faktura-VAT;2018-05-02 20:52;środa, 2 maj 2018;środa, 2 maj 2018;środa, 16 maj 2018
101;3;ANT/18/05/2018;vat;True;ANTHEAP;Warszawa;2510;577,3;3087,3;PLN;transfer;3087,3;Faktura-VAT;2018-05-02 20:54;środa, 2 maj 2018;środa, 2 maj 2018;środa, 9 maj 2018
104;4;ANT/19/05/2018;vat;True;ANTHEAP;Warszawa;4150;954,5;5104,5;PLN;transfer;5104,5;Faktura-VAT;2018-05-02 21:04;środa, 2 maj 2018;środa, 2 maj 2018;środa, 9 maj 2018
105;11;ANT/20/05/2018;vat;True;ANTHEAP;Warszawa;5150;1184,5;6334,5;PLN;transfer;6334,5;Faktura-VAT;2018-05-02 21:05;środa, 2 maj 2018;środa, 2 maj 2018;środa, 9 maj 2018
106;13;ANT/21/05/2018;vat;True;ANTHEAP;Warszawa;3650;839,5;4489,5;PLN;transfer;0;Faktura-VAT;2018-05-02 21:06;środa, 2 maj 2018;środa, 2 maj 2018;środa, 16 maj 2018
107;8;ANT/22/05/2018;vat;True;ANTHEAP;Warszawa;2350;540,5;2890,5;PLN;transfer;2890,5;Faktura-VAT;2018-05-02 21:07;środa, 2 maj 2018;środa, 2 maj 2018;środa, 9 maj 2018
108;54;ANT/23/05/2018;vat;True;ANTHEAP;Warszawa;3950;908,5;4858,5;PLN;transfer;4858,5;Faktura-VAT;2018-05-02 21:07;środa, 2 maj 2018;środa, 2 maj 2018;środa, 9 maj 2018
109;14;ANT/24/05/2018;vat;True;ANTHEAP;Warszawa;2650;609,5;3259,5;PLN;transfer;3259,5;Faktura-VAT;2018-05-02 21:21;środa, 2 maj 2018;środa, 2 maj 2018;środa, 9 maj 2018
110;22;ANT/39/04/2018;vat;True;ANTHEAP;Warszawa;1990;457,7;2447,7;PLN;transfer;2447,7;Faktura-VAT;2018-05-02 21:22;poniedziałek, 30 kwiecień 2018;poniedziałek, 30 kwiecień 2018;środa, 9 maj 2018
111;39;ANT/25/05/2018;vat;True;ANTHEAP;Warszawa;2350;540,5;2890,5;PLN;transfer;2890,5;Faktura-VAT;2018-05-02 21:23;środa, 2 maj 2018;środa, 2 maj 2018;środa, 9 maj 2018
112;53;ANT/26/05/2018;vat;True;ANTHEAP;Warszawa;1830;420,9;2250,9;PLN;transfer;2250,9;Faktura-VAT;2018-05-02 21:24;środa, 2 maj 2018;środa, 2 maj 2018;środa, 9 maj 2018
113;48;ANT/27/05/2018;vat;True;ANTHEAP;Warszawa;2900;667;3567;PLN;transfer;3567;Faktura-VAT;2018-05-05 11:28;środa, 2 maj 2018;środa, 2 maj 2018;środa, 9 maj 2018
127;45;ANT/1/06/2018;vat;True;ANTHEAP;Warszawa;2150;494,5;2644,5;PLN;transfer;2644,5;Faktura-VAT;2018-06-04 10:37;piątek, 1 czerwiec 2018;piątek, 1 czerwiec 2018;poniedziałek, 11 czerwiec 2018
128;10;ANT/2/06/2018;vat;True;ANTHEAP;Warszawa;1670;384,1;2054,1;PLN;transfer;2054,1;Faktura-VAT;2018-06-04 10:44;piątek, 1 czerwiec 2018;piątek, 1 czerwiec 2018;poniedziałek, 11 czerwiec 2018
129;12;ANT/35/05/2018;vat;True;ANTHEAP;Warszawa;2680;616,4;3296,4;PLN;transfer;3296,4;Faktura-VAT;2018-06-04 10:46;czwartek, 31 maj 2018;czwartek, 31 maj 2018;poniedziałek, 11 czerwiec 2018
132;14;ANT/4/06/2018;vat;True;ANTHEAP;Warszawa;2650;609,5;3259,5;PLN;transfer;3259,5;Faktura-VAT;2018-06-04 10:51;piątek, 1 czerwiec 2018;piątek, 1 czerwiec 2018;czwartek, 14 czerwiec 2018
133;15;ANT/5/06/2018;vat;True;ANTHEAP;Warszawa;1730;397,9;2127,9;PLN;transfer;2127,9;Faktura-VAT;2018-06-04 11:00;piątek, 1 czerwiec 2018;piątek, 1 czerwiec 2018;poniedziałek, 11 czerwiec 2018
139;22;ANT/36/05/2018;vat;True;ANTHEAP;Warszawa;1990;457,7;2447,7;PLN;transfer;2447,7;Faktura-VAT;2018-06-04 11:40;czwartek, 31 maj 2018;czwartek, 31 maj 2018;poniedziałek, 11 czerwiec 2018
140;23;ANT/7/06/2018;vat;True;ANTHEAP;Warszawa;2110;485,3;2595,3;PLN;transfer;2595,3;Faktura-VAT;2018-06-04 12:22;piątek, 1 czerwiec 2018;piątek, 1 czerwiec 2018;poniedziałek, 11 czerwiec 2018
141;24;ANT/8/06/2018;vat;True;ANTHEAP;Warszawa;1790;411,7;2201,7;PLN;transfer;2201,7;Faktura-VAT;2018-06-04 12:24;piątek, 1 czerwiec 2018;piątek, 1 czerwiec 2018;poniedziałek, 11 czerwiec 2018
142;38;ANT/37/05/2018;vat;True;ANTHEAP;Warszawa;3470;798,1;4268,1;PLN;transfer;4268,1;Faktura-VAT;2018-06-04 12:25;czwartek, 31 maj 2018;czwartek, 31 maj 2018;poniedziałek, 11 czerwiec 2018
144;39;ANT/10/06/2018;vat;True;ANTHEAP;Warszawa;2350;540,5;2890,5;PLN;transfer;2890,5;Faktura-VAT;2018-06-04 12:27;piątek, 1 czerwiec 2018;piątek, 1 czerwiec 2018;poniedziałek, 11 czerwiec 2018
145;41;ANT/38/05/2018;vat;True;ANTHEAP;Warszawa;1450;333,5;1783,5;PLN;transfer;1783,5;Faktura-VAT;2018-06-04 12:28;czwartek, 31 maj 2018;czwartek, 31 maj 2018;poniedziałek, 11 czerwiec 2018
147;48;ANT/39/05/2018;vat;True;ANTHEAP;Warszawa;2027,5;466,325;2493,825;PLN;transfer;2493,825;Faktura-VAT;2018-06-04 12:49;czwartek, 31 maj 2018;czwartek, 31 maj 2018;poniedziałek, 11 czerwiec 2018
149;49;ANT/12/06/2018;vat;True;ANTHEAP;Warszawa;1710;393,3;2103,3;PLN;transfer;2103,3;Faktura-VAT;2018-06-04 12:51;piątek, 1 czerwiec 2018;piątek, 1 czerwiec 2018;poniedziałek, 11 czerwiec 2018
150;51;ANT/13/06/2018;vat;True;ANTHEAP;Warszawa;1830;420,9;2250,9;PLN;transfer;2250,9;Faktura-VAT;2018-06-04 12:52;piątek, 1 czerwiec 2018;piątek, 1 czerwiec 2018;poniedziałek, 11 czerwiec 2018
152;53;ANT/15/06/2018;vat;True;ANTHEAP;Warszawa;1830;420,9;2250,9;PLN;transfer;2250,9;Faktura-VAT;2018-06-04 12:53;piątek, 1 czerwiec 2018;piątek, 1 czerwiec 2018;poniedziałek, 11 czerwiec 2018
154;2;ANT/16/06/2018;vat;True;ANTHEAP;Warszawa;1850;425,5;2275,5;PLN;transfer;2275,5;Faktura-VAT;2018-06-04 12:55;piątek, 1 czerwiec 2018;piątek, 1 czerwiec 2018;poniedziałek, 11 czerwiec 2018
155;4;ANT/17/06/2018;vat;True;ANTHEAP;Warszawa;4150;954,5;5104,5;PLN;transfer;5104,5;Faktura-VAT;2018-06-04 12:56;piątek, 1 czerwiec 2018;piątek, 1 czerwiec 2018;poniedziałek, 11 czerwiec 2018
156;11;ANT/18/06/2018;vat;True;ANTHEAP;Warszawa;5150;1184,5;6334,5;PLN;transfer;0;Faktura-VAT;2018-06-04 12:57;piątek, 1 czerwiec 2018;piątek, 1 czerwiec 2018;poniedziałek, 11 czerwiec 2018
157;13;ANT/19/06/2018;vat;True;ANTHEAP;Warszawa;3650;839,5;4489,5;PLN;transfer;4489,5;Faktura-VAT;2018-06-04 12:58;piątek, 1 czerwiec 2018;piątek, 1 czerwiec 2018;poniedziałek, 11 czerwiec 2018
158;8;ANT/20/06/2018;vat;True;ANTHEAP;Warszawa;2350;540,5;2890,5;PLN;transfer;2890,5;Faktura-VAT;2018-06-04 12:59;piątek, 1 czerwiec 2018;piątek, 1 czerwiec 2018;poniedziałek, 11 czerwiec 2018
159;54;ANT/21/06/2018;vat;True;ANTHEAP;Warszawa;3950;908,5;4858,5;PLN;transfer;4858,5;Faktura-VAT;2018-06-04 13:00;piątek, 1 czerwiec 2018;piątek, 1 czerwiec 2018;poniedziałek, 11 czerwiec 2018
161;3;ANT/22/06/2018;vat;True;ANTHEAP;Warszawa;2690;618,7;3308,7;PLN;transfer;3308,7;Faktura-VAT;2018-06-04 13:28;piątek, 1 czerwiec 2018;piątek, 1 czerwiec 2018;poniedziałek, 11 czerwiec 2018
163;6;ANT/23/06/2018;vat;True;ANTHEAP;Warszawa;3850;885,5;4735,5;PLN;transfer;4735,5;Faktura-VAT;2018-06-04 13:44;piątek, 1 czerwiec 2018;piątek, 1 czerwiec 2018;poniedziałek, 11 czerwiec 2018
164;7;ANT/24/06/2018;vat;True;ANTHEAP;Warszawa;2410;554,3;2964,3;PLN;transfer;2964,3;Faktura-VAT;2018-06-04 13:46;piątek, 1 czerwiec 2018;piątek, 1 czerwiec 2018;poniedziałek, 11 czerwiec 2018
165;47;ANT/41/05/2018;vat;True;ANTHEAP;Warszawa;1830;420,9;2250,9;PLN;transfer;2250,9;Faktura-VAT;2018-06-04 14:55;czwartek, 31 maj 2018;czwartek, 31 maj 2018;poniedziałek, 11 czerwiec 2018
167;9;ANT/26/06/2018;vat;True;ANTHEAP;Warszawa;3325;764,75;4089,75;PLN;transfer;4089,75;Faktura-VAT;2018-06-04 14:56;piątek, 1 czerwiec 2018;piątek, 1 czerwiec 2018;poniedziałek, 11 czerwiec 2018
169;27;ANT/27/06/2018;vat;True;ANTHEAP;Warszawa;4470;1028,1;5498,1;PLN;transfer;5498,1;Faktura-VAT;2018-06-04 16:39;piątek, 1 czerwiec 2018;piątek, 1 czerwiec 2018;poniedziałek, 11 czerwiec 2018
170;26;ANT/28/06/2018;vat;True;ANTHEAP;Warszawa;8850;2035,5;10885,5;PLN;transfer;10885,5;Faktura-VAT;2018-06-04 16:40;piątek, 1 czerwiec 2018;piątek, 1 czerwiec 2018;poniedziałek, 11 czerwiec 2018
172;88;ANT/29/06/2018;vat;True;ANTHEAP;Warszawa;4270;982,1;5252,1;PLN;transfer;5252,1;Faktura-VAT;2018-06-04 16:53;piątek, 1 czerwiec 2018;piątek, 1 czerwiec 2018;poniedziałek, 11 czerwiec 2018
185;9;ANT/35/06/2018;vat;True;ANTHEAP;Warszawa;1808,75;416,0125;2224,7625;PLN;transfer;2224,7625;Faktura-VAT;2018-07-04 14:29;sobota, 30 czerwiec 2018;sobota, 30 czerwiec 2018;środa, 11 lipiec 2018
186;45;ANT/1/07/2018;vat;True;ANTHEAP;Warszawa;2150;494,5;2644,5;PLN;transfer;2644,5;Faktura-VAT;2018-07-04 14:30;niedziela, 1 lipiec 2018;niedziela, 1 lipiec 2018;środa, 11 lipiec 2018
188;10;ANT/3/07/2018;vat;True;ANTHEAP;Warszawa;1670;384,1;2054,1;PLN;transfer;2054,1;Faktura-VAT;2018-07-04 14:31;niedziela, 1 lipiec 2018;niedziela, 1 lipiec 2018;środa, 11 lipiec 2018
189;12;ANT/36/06/2018;vat;True;ANTHEAP;Warszawa;2297,5;528,425;2825,925;PLN;transfer;2825,925;Faktura-VAT;2018-07-04 14:31;sobota, 30 czerwiec 2018;sobota, 30 czerwiec 2018;środa, 11 lipiec 2018
191;14;ANT/5/07/2018;vat;True;ANTHEAP;Warszawa;2650;609,5;3259,5;PLN;transfer;3259,5;Faktura-VAT;2018-07-04 14:32;niedziela, 1 lipiec 2018;niedziela, 1 lipiec 2018;środa, 11 lipiec 2018
192;15;ANT/6/07/2018;vat;True;ANTHEAP;Warszawa;1730;397,9;2127,9;PLN;transfer;2127,9;Faktura-VAT;2018-07-04 14:33;niedziela, 1 lipiec 2018;niedziela, 1 lipiec 2018;środa, 11 lipiec 2018
193;22;ANT/37/06/2018;vat;True;ANTHEAP;Warszawa;1990;457,7;2447,7;PLN;transfer;2447,7;Faktura-VAT;2018-07-04 14:33;sobota, 30 czerwiec 2018;sobota, 30 czerwiec 2018;środa, 11 lipiec 2018
194;23;ANT/38/06/2018;vat;True;ANTHEAP;Warszawa;2110;485,3;2595,3;PLN;transfer;2595,3;Faktura-VAT;2018-07-04 14:34;sobota, 30 czerwiec 2018;sobota, 30 czerwiec 2018;środa, 11 lipiec 2018
195;24;ANT/7/07/2018;vat;True;ANTHEAP;Warszawa;1790;411,7;2201,7;PLN;transfer;2201,7;Faktura-VAT;2018-07-04 14:34;niedziela, 1 lipiec 2018;niedziela, 1 lipiec 2018;środa, 11 lipiec 2018
196;38;ANT/39/06/2018;vat;True;ANTHEAP;Warszawa;1830;420,9;2250,9;PLN;transfer;2250,9;Faktura-VAT;2018-07-04 14:35;sobota, 30 czerwiec 2018;sobota, 30 czerwiec 2018;środa, 11 lipiec 2018
198;39;ANT/9/07/2018;vat;True;ANTHEAP;Warszawa;2350;540,5;2890,5;PLN;transfer;2890,5;Faktura-VAT;2018-07-04 14:36;niedziela, 1 lipiec 2018;niedziela, 1 lipiec 2018;środa, 11 lipiec 2018
199;41;ANT/40/06/2018;vat;True;ANTHEAP;Warszawa;2875;661,25;3536,25;PLN;transfer;3536,25;Faktura-VAT;2018-07-04 14:37;sobota, 30 czerwiec 2018;sobota, 30 czerwiec 2018;środa, 11 lipiec 2018
201;48;ANT/41/06/2018;vat;True;ANTHEAP;Warszawa;3880;892,4;4772,4;PLN;transfer;4772,4;Faktura-VAT;2018-07-04 14:38;sobota, 30 czerwiec 2018;sobota, 30 czerwiec 2018;środa, 11 lipiec 2018
203;49;ANT/12/07/2018;vat;True;ANTHEAP;Warszawa;1710;393,3;2103,3;PLN;transfer;2103,3;Faktura-VAT;2018-07-04 14:39;niedziela, 1 lipiec 2018;niedziela, 1 lipiec 2018;środa, 11 lipiec 2018
204;51;ANT/42/06/2018;vat;True;ANTHEAP;Warszawa;2425;557,75;2982,75;PLN;transfer;2982,75;Faktura-VAT;2018-07-04 14:40;sobota, 30 czerwiec 2018;sobota, 30 czerwiec 2018;środa, 11 lipiec 2018
206;53;ANT/14/07/2018;vat;True;ANTHEAP;Warszawa;1830;420,9;2250,9;PLN;transfer;2250,9;Faktura-VAT;2018-07-04 14:41;niedziela, 1 lipiec 2018;niedziela, 1 lipiec 2018;środa, 11 lipiec 2018
207;2;ANT/43/06/2018;vat;True;ANTHEAP;Warszawa;1622,5;373,175;1995,675;PLN;transfer;1995,675;Faktura-VAT;2018-07-04 14:41;sobota, 30 czerwiec 2018;sobota, 30 czerwiec 2018;środa, 11 lipiec 2018
211;4;ANT/16/07/2018;vat;True;ANTHEAP;Warszawa;4150;954,5;5104,5;PLN;transfer;5104,5;Faktura-VAT;2018-07-04 14:44;niedziela, 1 lipiec 2018;niedziela, 1 lipiec 2018;środa, 11 lipiec 2018
212;11;ANT/17/07/2018;vat;True;ANTHEAP;Warszawa;5150;1184,5;6334,5;PLN;transfer;6334,5;Faktura-VAT;2018-07-04 14:45;niedziela, 1 lipiec 2018;niedziela, 1 lipiec 2018;środa, 11 lipiec 2018
213;13;ANT/18/07/2018;vat;True;ANTHEAP;Warszawa;3650;839,5;4489,5;PLN;transfer;4489,5;Faktura-VAT;2018-07-04 14:45;niedziela, 1 lipiec 2018;niedziela, 1 lipiec 2018;środa, 11 lipiec 2018
214;8;ANT/19/07/2018;vat;True;ANTHEAP;Warszawa;2350;540,5;2890,5;PLN;transfer;2890,5;Faktura-VAT;2018-07-04 14:45;niedziela, 1 lipiec 2018;niedziela, 1 lipiec 2018;środa, 11 lipiec 2018
215;54;ANT/20/07/2018;vat;True;ANTHEAP;Warszawa;3950;908,5;4858,5;PLN;transfer;4858,5;Faktura-VAT;2018-07-04 14:46;niedziela, 1 lipiec 2018;niedziela, 1 lipiec 2018;środa, 11 lipiec 2018
216;27;ANT/21/07/2018;vat;True;ANTHEAP;Warszawa;4470;1028,1;5498,1;PLN;transfer;5498,1;Faktura-VAT;2018-07-04 14:46;niedziela, 1 lipiec 2018;niedziela, 1 lipiec 2018;środa, 11 lipiec 2018
217;6;ANT/22/07/2018;vat;True;ANTHEAP;Warszawa;3850;885,5;4735,5;PLN;transfer;4735,5;Faktura-VAT;2018-07-04 14:47;niedziela, 1 lipiec 2018;niedziela, 1 lipiec 2018;środa, 11 lipiec 2018
218;7;ANT/23/07/2018;vat;True;ANTHEAP;Warszawa;2410;554,3;2964,3;PLN;transfer;2964,3;Faktura-VAT;2018-07-04 14:48;niedziela, 1 lipiec 2018;niedziela, 1 lipiec 2018;środa, 11 lipiec 2018
219;26;ANT/24/07/2018;vat;True;ANTHEAP;Warszawa;8850;2035,5;10885,5;PLN;transfer;10885,5;Faktura-VAT;2018-07-04 14:49;niedziela, 1 lipiec 2018;niedziela, 1 lipiec 2018;środa, 11 lipiec 2018
220;3;ANT/25/07/2018;vat;True;ANTHEAP;Warszawa;3283,63;755,2349;4038,8649;PLN;transfer;4038,8649;Faktura-VAT;2018-07-04 14:58;poniedziałek, 2 lipiec 2018;poniedziałek, 2 lipiec 2018;środa, 11 lipiec 2018
221;88;ANT/26/07/2018;vat;True;ANTHEAP;Warszawa;3570;821,1;4391,1;PLN;transfer;4391,1;Faktura-VAT;2018-07-05 09:27;poniedziałek, 2 lipiec 2018;poniedziałek, 2 lipiec 2018;czwartek, 12 lipiec 2018
222;47;ANT/27/07/2018;vat;True;ANTHEAP;Warszawa;2085;479,55;2564,55;PLN;transfer;2564,55;Faktura-VAT;2018-07-06 08:57;poniedziałek, 2 lipiec 2018;poniedziałek, 2 lipiec 2018;piątek, 13 lipiec 2018
231;4;ANT/1/08/2018;vat;True;ANTHEAP;Warszawa;4150;954,5;5104,5;PLN;transfer;5104,5;Faktura-VAT;2018-08-01 12:55;środa, 1 sierpień 2018;środa, 1 sierpień 2018;środa, 8 sierpień 2018
232;11;ANT/2/08/2018;vat;True;ANTHEAP;Warszawa;5150;1184,5;6334,5;PLN;transfer;6334,5;Faktura-VAT;2018-08-01 12:56;środa, 1 sierpień 2018;środa, 1 sierpień 2018;środa, 8 sierpień 2018
233;14;ANT/3/08/2018;vat;True;ANTHEAP;Warszawa;2650;609,5;3259,5;PLN;transfer;3259,5;Faktura-VAT;2018-08-01 12:57;środa, 1 sierpień 2018;środa, 1 sierpień 2018;środa, 8 sierpień 2018
234;15;ANT/4/08/2018;vat;True;ANTHEAP;Warszawa;1730;397,9;2127,9;PLN;transfer;2127,9;Faktura-VAT;2018-08-01 13:01;środa, 1 sierpień 2018;środa, 1 sierpień 2018;środa, 8 sierpień 2018
235;23;ANT/5/08/2018;vat;True;ANTHEAP;Warszawa;2110;485,3;2595,3;PLN;transfer;2595,3;Faktura-VAT;2018-08-01 13:02;środa, 1 sierpień 2018;środa, 1 sierpień 2018;środa, 8 sierpień 2018
236;39;ANT/6/08/2018;vat;True;ANTHEAP;Warszawa;2350;540,5;2890,5;PLN;transfer;2890,5;Faktura-VAT;2018-08-01 13:10;środa, 1 sierpień 2018;środa, 1 sierpień 2018;środa, 8 sierpień 2018
238;2;ANT/36/07/2018;vat;True;ANTHEAP;Warszawa;1217,5;280,025;1497,525;PLN;transfer;1497,525;Faktura-VAT;2018-08-01 14:16;wtorek, 31 lipiec 2018;wtorek, 31 lipiec 2018;środa, 8 sierpień 2018
240;48;ANT/37/07/2018;vat;True;ANTHEAP;Warszawa;3327,5;765,325;4092,825;PLN;transfer;4092,825;Faktura-VAT;2018-08-01 14:17;wtorek, 31 lipiec 2018;wtorek, 31 lipiec 2018;środa, 8 sierpień 2018
243;9;ANT/38/07/2018;vat;True;ANTHEAP;Warszawa;3165;727,95;3892,95;PLN;transfer;3892,95;Faktura-VAT;2018-08-06 09:52;wtorek, 31 lipiec 2018;wtorek, 31 lipiec 2018;poniedziałek, 13 sierpień 2018
245;10;ANT/10/08/2018;vat;True;ANTHEAP;Warszawa;1670;384,1;2054,1;PLN;transfer;2054,1;Faktura-VAT;2018-08-06 09:53;środa, 1 sierpień 2018;środa, 1 sierpień 2018;poniedziałek, 13 sierpień 2018
246;12;ANT/39/07/2018;vat;True;ANTHEAP;Warszawa;3059,44;703,6712;3763,1112;PLN;transfer;3763,1112;Faktura-VAT;2018-08-06 09:54;wtorek, 31 lipiec 2018;wtorek, 31 lipiec 2018;poniedziałek, 13 sierpień 2018
248;13;ANT/12/08/2018;vat;True;ANTHEAP;Warszawa;3650;839,5;4489,5;PLN;transfer;4489,5;Faktura-VAT;2018-08-06 09:56;środa, 1 sierpień 2018;środa, 1 sierpień 2018;poniedziałek, 13 sierpień 2018
249;22;ANT/40/07/2018;vat;True;ANTHEAP;Warszawa;1990;457,7;2447,7;PLN;transfer;2447,7;Faktura-VAT;2018-08-06 09:57;wtorek, 31 lipiec 2018;wtorek, 31 lipiec 2018;poniedziałek, 13 sierpień 2018
250;24;ANT/13/08/2018;vat;True;ANTHEAP;Warszawa;1790;411,7;2201,7;PLN;transfer;2201,7;Faktura-VAT;2018-08-06 09:58;środa, 1 sierpień 2018;środa, 1 sierpień 2018;poniedziałek, 13 sierpień 2018
251;41;ANT/41/07/2018;vat;True;ANTHEAP;Warszawa;2050;471,5;2521,5;PLN;transfer;2521,5;Faktura-VAT;2018-08-06 10:00;wtorek, 31 lipiec 2018;wtorek, 31 lipiec 2018;poniedziałek, 13 sierpień 2018
253;45;ANT/15/08/2018;vat;True;ANTHEAP;Warszawa;2150;494,5;2644,5;PLN;transfer;2644,5;Faktura-VAT;2018-08-06 10:02;środa, 1 sierpień 2018;środa, 1 sierpień 2018;poniedziałek, 13 sierpień 2018
254;47;ANT/16/08/2018;vat;True;ANTHEAP;Warszawa;1830;420,9;2250,9;PLN;transfer;2250,9;Faktura-VAT;2018-08-06 10:02;środa, 1 sierpień 2018;środa, 1 sierpień 2018;poniedziałek, 13 sierpień 2018
255;49;ANT/42/07/2018;vat;True;ANTHEAP;Warszawa;1838,75;422,9125;2261,6625;PLN;transfer;2261,6625;Faktura-VAT;2018-08-06 10:04;wtorek, 31 lipiec 2018;wtorek, 31 lipiec 2018;poniedziałek, 13 sierpień 2018
256;54;ANT/17/08/2018;vat;True;ANTHEAP;Warszawa;3950;908,5;4858,5;PLN;transfer;4858,5;Faktura-VAT;2018-08-06 10:05;środa, 1 sierpień 2018;środa, 1 sierpień 2018;poniedziałek, 13 sierpień 2018
257;53;ANT/18/08/2018;vat;True;ANTHEAP;Warszawa;1830;420,9;2250,9;PLN;transfer;2250,9;Faktura-VAT;2018-08-06 10:05;środa, 1 sierpień 2018;środa, 1 sierpień 2018;poniedziałek, 13 sierpień 2018
259;7;ANT/20/08/2018;vat;True;ANTHEAP;Warszawa;2320;533,6;2853,6;PLN;transfer;2853,6;Faktura-VAT;2018-08-06 11:17;środa, 1 sierpień 2018;środa, 1 sierpień 2018;poniedziałek, 13 sierpień 2018
260;88;ANT/21/08/2018;vat;True;ANTHEAP;Warszawa;2017,9;464,117;2482,017;PLN;transfer;2482,017;Faktura-VAT;2018-08-06 11:23;środa, 1 sierpień 2018;środa, 1 sierpień 2018;poniedziałek, 13 sierpień 2018
262;8;ANT/23/08/2018;vat;True;ANTHEAP;Warszawa;2350;540,5;2890,5;PLN;transfer;2890,5;Faktura-VAT;2018-08-06 11:26;środa, 1 sierpień 2018;środa, 1 sierpień 2018;poniedziałek, 13 sierpień 2018
263;139;ANT/24/08/2018;vat;True;ANTHEAP;Warszawa;2200;506;2706;PLN;transfer;2706;Faktura-VAT;2018-08-06 11:27;środa, 1 sierpień 2018;środa, 1 sierpień 2018;poniedziałek, 13 sierpień 2018
264;6;ANT/25/08/2018;vat;True;ANTHEAP;Warszawa;2920;671,6;3591,6;PLN;transfer;3591,6;Faktura-VAT;2018-08-06 11:34;środa, 1 sierpień 2018;środa, 1 sierpień 2018;poniedziałek, 13 sierpień 2018
265;3;ANT/26/08/2018;vat;True;ANTHEAP;Warszawa;3216,21;739,7283;3955,9383;PLN;transfer;3955,9383;Faktura-VAT;2018-08-06 11:39;środa, 1 sierpień 2018;środa, 1 sierpień 2018;poniedziałek, 13 sierpień 2018
266;27;ANT/27/08/2018;vat;True;ANTHEAP;Warszawa;4070;936,1;5006,1;PLN;transfer;5006,1;Faktura-VAT;2018-08-13 13:48;poniedziałek, 13 sierpień 2018;poniedziałek, 13 sierpień 2018;poniedziałek, 20 sierpień 2018
276;2;ANT/34/08/2018;vat;True;ANTHEAP;Warszawa;2095;481,85;2576,85;PLN;transfer;2576,85;Faktura-VAT;2018-09-03 17:08;piątek, 31 sierpień 2018;piątek, 31 sierpień 2018;poniedziałek, 10 wrzesień 2018
278;48;ANT/35/08/2018;vat;True;ANTHEAP;Warszawa;2450;563,5;3013,5;PLN;transfer;3013,5;Faktura-VAT;2018-09-03 17:11;piątek, 31 sierpień 2018;piątek, 31 sierpień 2018;poniedziałek, 10 wrzesień 2018
280;45;ANT/3/09/2018;vat;True;ANTHEAP;Warszawa;2150;494,5;2644,5;PLN;transfer;2644,5;Faktura-VAT;2018-09-03 17:15;sobota, 1 wrzesień 2018;sobota, 1 wrzesień 2018;poniedziałek, 10 wrzesień 2018
281;10;ANT/4/09/2018;vat;True;ANTHEAP;Warszawa;1670;384,1;2054,1;PLN;transfer;2054,1;Faktura-VAT;2018-09-03 17:16;sobota, 1 wrzesień 2018;sobota, 1 wrzesień 2018;poniedziałek, 10 wrzesień 2018
282;12;ANT/36/08/2018;vat;True;ANTHEAP;Warszawa;3406,75;783,5525;4190,3025;PLN;transfer;4190,3025;Faktura-VAT;2018-09-03 17:17;piątek, 31 sierpień 2018;piątek, 31 sierpień 2018;poniedziałek, 10 wrzesień 2018
284;14;ANT/6/09/2018;vat;True;ANTHEAP;Warszawa;2650;609,5;3259,5;PLN;transfer;3259,5;Faktura-VAT;2018-09-03 17:19;sobota, 1 wrzesień 2018;sobota, 1 wrzesień 2018;poniedziałek, 10 wrzesień 2018
285;15;ANT/7/09/2018;vat;True;ANTHEAP;Warszawa;1730;397,9;2127,9;PLN;transfer;2127,9;Faktura-VAT;2018-09-03 17:20;sobota, 1 wrzesień 2018;sobota, 1 wrzesień 2018;poniedziałek, 10 wrzesień 2018
286;22;ANT/37/08/2018;vat;True;ANTHEAP;Warszawa;1990;457,7;2447,7;PLN;transfer;2447,7;Faktura-VAT;2018-09-03 17:20;piątek, 31 sierpień 2018;piątek, 31 sierpień 2018;poniedziałek, 10 wrzesień 2018
287;23;ANT/8/09/2018;vat;True;ANTHEAP;Warszawa;2110;485,3;2595,3;PLN;transfer;2595,3;Faktura-VAT;2018-09-03 17:21;sobota, 1 wrzesień 2018;sobota, 1 wrzesień 2018;poniedziałek, 10 wrzesień 2018
288;24;ANT/9/09/2018;vat;True;ANTHEAP;Warszawa;1790;411,7;2201,7;PLN;transfer;2201,7;Faktura-VAT;2018-09-03 17:22;sobota, 1 wrzesień 2018;sobota, 1 wrzesień 2018;poniedziałek, 10 wrzesień 2018
289;39;ANT/10/09/2018;vat;True;ANTHEAP;Warszawa;2350;540,5;2890,5;PLN;transfer;2890,5;Faktura-VAT;2018-09-03 17:22;sobota, 1 wrzesień 2018;sobota, 1 wrzesień 2018;poniedziałek, 10 wrzesień 2018
290;41;ANT/38/08/2018;vat;True;ANTHEAP;Warszawa;2012,5;462,875;2475,375;PLN;transfer;2475,375;Faktura-VAT;2018-09-03 17:23;piątek, 31 sierpień 2018;piątek, 31 sierpień 2018;poniedziałek, 10 wrzesień 2018
292;47;ANT/12/09/2018;vat;True;ANTHEAP;Warszawa;1830;420,9;2250,9;PLN;transfer;2250,9;Faktura-VAT;2018-09-03 17:24;sobota, 1 wrzesień 2018;sobota, 1 wrzesień 2018;poniedziałek, 10 wrzesień 2018
293;53;ANT/13/09/2018;vat;True;ANTHEAP;Warszawa;1830;420,9;2250,9;PLN;transfer;2250,9;Faktura-VAT;2018-09-03 17:24;sobota, 1 wrzesień 2018;sobota, 1 wrzesień 2018;poniedziałek, 10 wrzesień 2018
294;139;ANT/14/09/2018;vat;True;ANTHEAP;Warszawa;2200;506;2706;PLN;transfer;2706;Faktura-VAT;2018-09-03 18:28;sobota, 1 wrzesień 2018;sobota, 1 wrzesień 2018;poniedziałek, 10 wrzesień 2018
295;6;ANT/15/09/2018;vat;True;ANTHEAP;Warszawa;2920;671,6;3591,6;PLN;transfer;3591,6;Faktura-VAT;2018-09-03 18:33;sobota, 1 wrzesień 2018;sobota, 1 wrzesień 2018;poniedziałek, 10 wrzesień 2018
297;27;ANT/16/09/2018;vat;True;ANTHEAP;Warszawa;3670;844,1;4514,1;PLN;transfer;4514,1;Faktura-VAT;2018-09-03 18:36;sobota, 1 wrzesień 2018;sobota, 1 wrzesień 2018;poniedziałek, 10 wrzesień 2018
298;7;ANT/17/09/2018;vat;True;ANTHEAP;Warszawa;2320;533,6;2853,6;PLN;transfer;2853,6;Faktura-VAT;2018-09-03 18:37;sobota, 1 wrzesień 2018;sobota, 1 wrzesień 2018;poniedziałek, 10 wrzesień 2018
299;26;ANT/18/09/2018;vat;True;ANTHEAP;Warszawa;8930;2053,9;10983,9;PLN;transfer;10983,9;Faktura-VAT;2018-09-03 18:39;sobota, 1 wrzesień 2018;sobota, 1 wrzesień 2018;poniedziałek, 10 wrzesień 2018
303;4;ANT/20/09/2018;vat;True;ANTHEAP;Warszawa;4150;954,5;5104,5;PLN;transfer;5104,5;Faktura-VAT;2018-09-03 18:53;sobota, 1 wrzesień 2018;sobota, 1 wrzesień 2018;poniedziałek, 10 wrzesień 2018
304;11;ANT/21/09/2018;vat;True;ANTHEAP;Warszawa;5150;1184,5;6334,5;PLN;transfer;6334,5;Faktura-VAT;2018-09-03 18:54;sobota, 1 wrzesień 2018;sobota, 1 wrzesień 2018;poniedziałek, 10 wrzesień 2018
305;13;ANT/22/09/2018;vat;True;ANTHEAP;Warszawa;3650;839,5;4489,5;PLN;transfer;4489,5;Faktura-VAT;2018-09-03 18:54;sobota, 1 wrzesień 2018;sobota, 1 wrzesień 2018;poniedziałek, 10 wrzesień 2018
306;8;ANT/23/09/2018;vat;True;ANTHEAP;Warszawa;2350;540,5;2890,5;PLN;transfer;2890,5;Faktura-VAT;2018-09-03 18:55;sobota, 1 wrzesień 2018;sobota, 1 wrzesień 2018;poniedziałek, 10 wrzesień 2018
312;9;ANT/41/08/2018;vat;True;ANTHEAP;Warszawa;3630;834,9;4464,9;PLN;transfer;4464,9;Faktura-VAT;2018-09-05 10:58;piątek, 31 sierpień 2018;piątek, 31 sierpień 2018;środa, 12 wrzesień 2018
324;8;ANT/1/10/2018;vat;True;ANTHEAP;Warszawa;2350;540,5;2890,5;PLN;transfer;2890,5;Faktura-VAT;2018-10-01 19:48;poniedziałek, 1 październik 2018;poniedziałek, 1 październik 2018;poniedziałek, 8 październik 2018
325;13;ANT/2/10/2018;vat;True;ANTHEAP;Warszawa;3650;839,5;4489,5;PLN;transfer;4489,5;Faktura-VAT;2018-10-01 19:51;poniedziałek, 1 październik 2018;poniedziałek, 1 październik 2018;poniedziałek, 8 październik 2018
326;11;ANT/3/10/2018;vat;True;ANTHEAP;Warszawa;5150;1184,5;6334,5;PLN;transfer;6334,5;Faktura-VAT;2018-10-01 19:52;poniedziałek, 1 październik 2018;poniedziałek, 1 październik 2018;poniedziałek, 8 październik 2018
327;4;ANT/4/10/2018;vat;True;ANTHEAP;Warszawa;4150;954,5;5104,5;PLN;transfer;5104,5;Faktura-VAT;2018-10-01 19:53;poniedziałek, 1 październik 2018;poniedziałek, 1 październik 2018;poniedziałek, 8 październik 2018
330;3;ANT/5/10/2018;vat;True;ANTHEAP;Warszawa;2420;556,6;2976,6;PLN;transfer;2976,6;Faktura-VAT;2018-10-01 20:00;poniedziałek, 1 październik 2018;poniedziałek, 1 październik 2018;poniedziałek, 8 październik 2018
331;88;ANT/6/10/2018;vat;True;ANTHEAP;Warszawa;3690;848,7;4538,7;PLN;transfer;4538,7;Faktura-VAT;2018-10-01 20:03;poniedziałek, 1 październik 2018;poniedziałek, 1 październik 2018;poniedziałek, 8 październik 2018
332;26;ANT/7/10/2018;vat;True;ANTHEAP;Warszawa;9090;2090,7;11180,7;PLN;transfer;11180,7;Faktura-VAT;2018-10-01 20:06;poniedziałek, 1 październik 2018;poniedziałek, 1 październik 2018;poniedziałek, 8 październik 2018
333;7;ANT/8/10/2018;vat;True;ANTHEAP;Warszawa;2320;533,6;2853,6;PLN;transfer;2853,6;Faktura-VAT;2018-10-01 20:09;poniedziałek, 1 październik 2018;poniedziałek, 1 październik 2018;poniedziałek, 8 październik 2018
334;27;ANT/9/10/2018;vat;True;ANTHEAP;Warszawa;3910;899,3;4809,3;PLN;transfer;4809,3;Faktura-VAT;2018-10-01 20:12;poniedziałek, 1 październik 2018;poniedziałek, 1 październik 2018;poniedziałek, 8 październik 2018
335;6;ANT/10/10/2018;vat;True;ANTHEAP;Warszawa;2860;657,8;3517,8;PLN;transfer;3517,8;Faktura-VAT;2018-10-01 20:15;poniedziałek, 1 październik 2018;poniedziałek, 1 październik 2018;poniedziałek, 8 październik 2018
336;139;ANT/11/10/2018;vat;True;ANTHEAP;Warszawa;2200;506;2706;PLN;transfer;2706;Faktura-VAT;2018-10-01 20:19;poniedziałek, 1 październik 2018;poniedziałek, 1 październik 2018;poniedziałek, 8 październik 2018
347;45;ANT/21/10/2018;vat;True;ANTHEAP;Warszawa;2150;494,5;2644,5;PLN;transfer;2644,5;Faktura-VAT;2018-10-04 15:16;czwartek, 4 październik 2018;czwartek, 4 październik 2018;czwartek, 11 październik 2018
348;9;ANT/39/09/2018;vat;True;ANTHEAP;Warszawa;3630;834,9;4464,9;PLN;transfer;4464,9;Faktura-VAT;2018-10-04 15:17;niedziela, 30 wrzesień 2018;niedziela, 30 wrzesień 2018;czwartek, 11 październik 2018
350;10;ANT/23/10/2018;vat;True;ANTHEAP;Warszawa;1670;384,1;2054,1;PLN;transfer;2054,1;Faktura-VAT;2018-10-04 15:18;czwartek, 4 październik 2018;czwartek, 4 październik 2018;czwartek, 11 październik 2018
351;12;ANT/40/09/2018;vat;True;ANTHEAP;Warszawa;2221;510,83;2731,83;PLN;transfer;2731,83;Faktura-VAT;2018-10-04 15:19;niedziela, 30 wrzesień 2018;niedziela, 30 wrzesień 2018;czwartek, 11 październik 2018
353;14;ANT/25/10/2018;vat;True;ANTHEAP;Warszawa;2650;609,5;3259,5;PLN;transfer;3259,5;Faktura-VAT;2018-10-04 15:19;czwartek, 4 październik 2018;czwartek, 4 październik 2018;czwartek, 11 październik 2018
354;15;ANT/26/10/2018;vat;True;ANTHEAP;Warszawa;1730;397,9;2127,9;PLN;transfer;2127,9;Faktura-VAT;2018-10-04 15:20;czwartek, 4 październik 2018;czwartek, 4 październik 2018;czwartek, 11 październik 2018
355;22;ANT/41/09/2018;vat;True;ANTHEAP;Warszawa;1990;457,7;2447,7;PLN;transfer;2447,7;Faktura-VAT;2018-10-04 15:20;niedziela, 30 wrzesień 2018;niedziela, 30 wrzesień 2018;czwartek, 11 październik 2018
356;23;ANT/27/10/2018;vat;True;ANTHEAP;Warszawa;2110;485,3;2595,3;PLN;transfer;2595,3;Faktura-VAT;2018-10-04 15:21;czwartek, 4 październik 2018;czwartek, 4 październik 2018;czwartek, 11 październik 2018
357;24;ANT/28/10/2018;vat;True;ANTHEAP;Warszawa;1790;411,7;2201,7;PLN;transfer;2201,7;Faktura-VAT;2018-10-04 15:21;czwartek, 4 październik 2018;czwartek, 4 październik 2018;czwartek, 11 październik 2018
358;39;ANT/29/10/2018;vat;True;ANTHEAP;Warszawa;2350;540,5;2890,5;PLN;transfer;2890,5;Faktura-VAT;2018-10-04 15:21;czwartek, 4 październik 2018;czwartek, 4 październik 2018;czwartek, 11 październik 2018
359;41;ANT/30/10/2018;vat;True;ANTHEAP;Warszawa;3530;811,9;4341,9;PLN;transfer;4341,9;Faktura-VAT;2018-10-04 15:22;czwartek, 4 październik 2018;czwartek, 4 październik 2018;czwartek, 11 październik 2018
360;47;ANT/42/09/2018;vat;True;ANTHEAP;Warszawa;1405;323,15;1728,15;PLN;transfer;1728,15;Faktura-VAT;2018-10-04 15:22;niedziela, 30 wrzesień 2018;niedziela, 30 wrzesień 2018;czwartek, 11 październik 2018
362;48;ANT/32/10/2018;vat;True;ANTHEAP;Warszawa;2900;667;3567;PLN;transfer;3567;Faktura-VAT;2018-10-04 15:23;czwartek, 4 październik 2018;czwartek, 4 październik 2018;czwartek, 11 październik 2018
363;53;ANT/33/10/2018;vat;True;ANTHEAP;Warszawa;1830;420,9;2250,9;PLN;transfer;2250,9;Faktura-VAT;2018-10-04 15:23;czwartek, 4 październik 2018;czwartek, 4 październik 2018;czwartek, 11 październik 2018
382;2;ANT/1/11/2018;vat;True;ANTHEAP;Warszawa;1385,2;318,596;1703,796;PLN;transfer;1703,796;Faktura-VAT;2018-11-05 11:17;piątek, 2 listopad 2018;piątek, 2 listopad 2018;poniedziałek, 12 listopad 2018
392;2;ANT/11/11/2018;vat;True;ANTHEAP;Warszawa;2730;627,9;3357,9;PLN;transfer;3357,9;Faktura-VAT;2018-11-05 12:10;piątek, 2 listopad 2018;piątek, 2 listopad 2018;poniedziałek, 12 listopad 2018
393;27;ANT/12/11/2018;vat;True;ANTHEAP;Warszawa;4070;936,1;5006,1;PLN;transfer;5006,1;Faktura-VAT;2018-11-05 12:10;piątek, 2 listopad 2018;piątek, 2 listopad 2018;poniedziałek, 12 listopad 2018
394;154;ANT/13/11/2018;vat;True;ANTHEAP;Warszawa;2311,27;531,5921;2842,8621;PLN;transfer;2842,8621;Faktura-VAT;2018-11-05 12:13;piątek, 2 listopad 2018;piątek, 2 listopad 2018;poniedziałek, 12 listopad 2018
395;26;ANT/14/11/2018;vat;True;ANTHEAP;Warszawa;9330;2145,9;11475,9;PLN;transfer;11475,9;Faktura-VAT;2018-11-05 12:14;piątek, 2 listopad 2018;piątek, 2 listopad 2018;poniedziałek, 12 listopad 2018
396;7;ANT/15/11/2018;vat;True;ANTHEAP;Warszawa;2320;533,6;2853,6;PLN;transfer;2853,6;Faktura-VAT;2018-11-05 12:15;piątek, 2 listopad 2018;piątek, 2 listopad 2018;poniedziałek, 12 listopad 2018
397;88;ANT/16/11/2018;vat;True;ANTHEAP;Warszawa;3570;821,1;4391,1;PLN;transfer;4391,1;Faktura-VAT;2018-11-05 12:15;piątek, 2 listopad 2018;piątek, 2 listopad 2018;poniedziałek, 12 listopad 2018
401;8;ANT/20/11/2018;vat;True;ANTHEAP;Warszawa;2350;540,5;2890,5;PLN;transfer;2890,5;Faktura-VAT;2018-11-05 12:19;piątek, 2 listopad 2018;piątek, 2 listopad 2018;poniedziałek, 12 listopad 2018
402;11;ANT/21/11/2018;vat;True;ANTHEAP;Warszawa;5150;1184,5;6334,5;PLN;transfer;6334,5;Faktura-VAT;2018-11-05 12:20;piątek, 2 listopad 2018;piątek, 2 listopad 2018;poniedziałek, 12 listopad 2018
403;13;ANT/22/11/2018;vat;True;ANTHEAP;Warszawa;3650;839,5;4489,5;PLN;transfer;4489,5;Faktura-VAT;2018-11-05 12:20;piątek, 2 listopad 2018;piątek, 2 listopad 2018;poniedziałek, 12 listopad 2018
404;4;ANT/23/11/2018;vat;True;ANTHEAP;Warszawa;4150;954,5;5104,5;PLN;transfer;5104,5;Faktura-VAT;2018-11-05 12:21;piątek, 2 listopad 2018;piątek, 2 listopad 2018;poniedziałek, 12 listopad 2018
407;9;ANT/50/10/2018;vat;True;ANTHEAP;Warszawa;1925;442,75;2367,75;PLN;transfer;2367,75;Faktura-VAT;2018-11-05 12:47;środa, 31 październik 2018;środa, 31 październik 2018;poniedziałek, 12 listopad 2018
409;10;ANT/25/11/2018;vat;True;ANTHEAP;Warszawa;1670;384,1;2054,1;PLN;transfer;2054,1;Faktura-VAT;2018-11-05 12:48;piątek, 2 listopad 2018;piątek, 2 listopad 2018;poniedziałek, 12 listopad 2018
410;12;ANT/51/10/2018;vat;True;ANTHEAP;Warszawa;2374;546,02;2920,02;PLN;transfer;2920,02;Faktura-VAT;2018-11-05 12:49;środa, 31 październik 2018;środa, 31 październik 2018;poniedziałek, 12 listopad 2018
412;14;ANT/27/11/2018;vat;True;ANTHEAP;Warszawa;2650;609,5;3259,5;PLN;transfer;3259,5;Faktura-VAT;2018-11-05 12:50;piątek, 2 listopad 2018;piątek, 2 listopad 2018;poniedziałek, 12 listopad 2018
413;15;ANT/28/11/2018;vat;True;ANTHEAP;Warszawa;1730;397,9;2127,9;PLN;transfer;2127,9;Faktura-VAT;2018-11-05 12:50;piątek, 2 listopad 2018;piątek, 2 listopad 2018;poniedziałek, 12 listopad 2018
414;22;ANT/52/10/2018;vat;True;ANTHEAP;Warszawa;1990;457,7;2447,7;PLN;transfer;2447,7;Faktura-VAT;2018-11-05 12:51;środa, 31 październik 2018;środa, 31 październik 2018;poniedziałek, 12 listopad 2018
415;23;ANT/29/11/2018;vat;True;ANTHEAP;Warszawa;2110;485,3;2595,3;PLN;transfer;2595,3;Faktura-VAT;2018-11-05 12:52;piątek, 2 listopad 2018;piątek, 2 listopad 2018;poniedziałek, 12 listopad 2018
416;24;ANT/30/11/2018;vat;True;ANTHEAP;Warszawa;1790;411,7;2201,7;PLN;transfer;2201,7;Faktura-VAT;2018-11-05 12:52;piątek, 2 listopad 2018;piątek, 2 listopad 2018;poniedziałek, 12 listopad 2018
417;39;ANT/31/11/2018;vat;True;ANTHEAP;Warszawa;2350;540,5;2890,5;PLN;transfer;2890,5;Faktura-VAT;2018-11-05 12:53;piątek, 2 listopad 2018;piątek, 2 listopad 2018;poniedziałek, 12 listopad 2018
418;41;ANT/53/10/2018;vat;True;ANTHEAP;Warszawa;2912,5;669,875;3582,375;PLN;transfer;3582,375;Faktura-VAT;2018-11-05 12:53;środa, 31 październik 2018;środa, 31 październik 2018;poniedziałek, 12 listopad 2018
420;45;ANT/33/11/2018;vat;True;ANTHEAP;Warszawa;2150;494,5;2644,5;PLN;transfer;2644,5;Faktura-VAT;2018-11-05 12:54;piątek, 2 listopad 2018;piątek, 2 listopad 2018;poniedziałek, 12 listopad 2018
421;47;ANT/34/11/2018;vat;True;ANTHEAP;Warszawa;1830;420,9;2250,9;PLN;transfer;2250,9;Faktura-VAT;2018-11-05 12:54;piątek, 2 listopad 2018;piątek, 2 listopad 2018;poniedziałek, 12 listopad 2018
422;48;ANT/54/10/2018;vat;True;ANTHEAP;Warszawa;2645;608,35;3253,35;PLN;transfer;3253,35;Faktura-VAT;2018-11-05 12:55;środa, 31 październik 2018;środa, 31 październik 2018;poniedziałek, 12 listopad 2018
424;53;ANT/36/11/2018;vat;True;ANTHEAP;Warszawa;1830;420,9;2250,9;PLN;transfer;2250,9;Faktura-VAT;2018-11-05 12:56;piątek, 2 listopad 2018;piątek, 2 listopad 2018;poniedziałek, 12 listopad 2018
449;9;ANT/44/11/2018;vat;True;ANTHEAP;Warszawa;2118,75;487,3125;2606,0625;PLN;transfer;2606,0625;Faktura-VAT;2018-12-03 21:03;piątek, 30 listopad 2018;piątek, 30 listopad 2018;poniedziałek, 10 grudzień 2018
451;10;ANT/45/11/2018;vat;True;ANTHEAP;Warszawa;2645;608,35;3253,35;PLN;transfer;3253,35;Faktura-VAT;2018-12-03 21:05;piątek, 30 listopad 2018;piątek, 30 listopad 2018;poniedziałek, 10 grudzień 2018
452;10;ANT/46/11/2018;vat;True;ANTHEAP;Warszawa;1702,5;391,575;2094,075;PLN;transfer;2094,075;Faktura-VAT;2018-12-03 21:06;piątek, 30 listopad 2018;piątek, 30 listopad 2018;poniedziałek, 10 grudzień 2018
454;12;ANT/47/11/2018;vat;True;ANTHEAP;Warszawa;1609;370,07;1979,07;PLN;transfer;1979,07;Faktura-VAT;2018-12-03 21:07;piątek, 30 listopad 2018;piątek, 30 listopad 2018;poniedziałek, 10 grudzień 2018
456;14;ANT/16/12/2018;vat;True;ANTHEAP;Warszawa;2650;609,5;3259,5;PLN;transfer;3259,5;Faktura-VAT;2018-12-03 21:08;poniedziałek, 3 grudzień 2018;poniedziałek, 3 grudzień 2018;poniedziałek, 10 grudzień 2018
457;15;ANT/17/12/2018;vat;True;ANTHEAP;Warszawa;1730;397,9;2127,9;PLN;transfer;2127,9;Faktura-VAT;2018-12-03 21:09;poniedziałek, 3 grudzień 2018;poniedziałek, 3 grudzień 2018;poniedziałek, 10 grudzień 2018
458;22;ANT/52/11/2018;vat;True;ANTHEAP;Warszawa;1990;457,7;2447,7;PLN;transfer;2447,7;Faktura-VAT;2018-12-03 21:09;piątek, 30 listopad 2018;piątek, 30 listopad 2018;poniedziałek, 10 grudzień 2018
459;23;ANT/19/12/2018;vat;True;ANTHEAP;Warszawa;2110;485,3;2595,3;PLN;transfer;2595,3;Faktura-VAT;2018-12-03 21:10;poniedziałek, 3 grudzień 2018;poniedziałek, 3 grudzień 2018;poniedziałek, 10 grudzień 2018
460;24;ANT/20/12/2018;vat;True;ANTHEAP;Warszawa;1790;411,7;2201,7;PLN;transfer;2201,7;Faktura-VAT;2018-12-03 21:10;poniedziałek, 3 grudzień 2018;poniedziałek, 3 grudzień 2018;poniedziałek, 10 grudzień 2018
461;39;ANT/21/12/2018;vat;True;ANTHEAP;Warszawa;2350;540,5;2890,5;PLN;transfer;2890,5;Faktura-VAT;2018-12-03 21:11;poniedziałek, 3 grudzień 2018;poniedziałek, 3 grudzień 2018;poniedziałek, 10 grudzień 2018
462;41;ANT/48/11/2018;vat;True;ANTHEAP;Warszawa;3100;713;3813;PLN;transfer;3813;Faktura-VAT;2018-12-03 21:11;piątek, 30 listopad 2018;piątek, 30 listopad 2018;poniedziałek, 10 grudzień 2018
464;45;ANT/23/12/2018;vat;True;ANTHEAP;Warszawa;2150;494,5;2644,5;PLN;transfer;2644,5;Faktura-VAT;2018-12-03 21:13;poniedziałek, 3 grudzień 2018;poniedziałek, 3 grudzień 2018;poniedziałek, 10 grudzień 2018
465;47;ANT/24/12/2018;vat;True;ANTHEAP;Warszawa;1830;420,9;2250,9;PLN;transfer;2250,9;Faktura-VAT;2018-12-03 21:13;poniedziałek, 3 grudzień 2018;poniedziałek, 3 grudzień 2018;poniedziałek, 10 grudzień 2018
466;48;ANT/49/11/2018;vat;True;ANTHEAP;Warszawa;2385;548,55;2933,55;PLN;transfer;2933,55;Faktura-VAT;2018-12-03 21:14;piątek, 30 listopad 2018;piątek, 30 listopad 2018;poniedziałek, 10 grudzień 2018
468;53;ANT/26/12/2018;vat;True;ANTHEAP;Warszawa;1830;420,9;2250,9;PLN;transfer;2250,9;Faktura-VAT;2018-12-03 21:15;poniedziałek, 3 grudzień 2018;poniedziałek, 3 grudzień 2018;poniedziałek, 10 grudzień 2018
469;8;ANT/27/12/2018;vat;True;ANTHEAP;Warszawa;2350;540,5;2890,5;PLN;transfer;2890,5;Faktura-VAT;2018-12-03 21:15;poniedziałek, 3 grudzień 2018;poniedziałek, 3 grudzień 2018;poniedziałek, 10 grudzień 2018
470;11;ANT/28/12/2018;vat;True;ANTHEAP;Warszawa;5150;1184,5;6334,5;PLN;transfer;6334,5;Faktura-VAT;2018-12-03 21:16;poniedziałek, 3 grudzień 2018;poniedziałek, 3 grudzień 2018;poniedziałek, 10 grudzień 2018
471;13;ANT/29/12/2018;vat;True;ANTHEAP;Warszawa;3650;839,5;4489,5;PLN;transfer;4489,5;Faktura-VAT;2018-12-03 21:16;poniedziałek, 3 grudzień 2018;poniedziałek, 3 grudzień 2018;poniedziałek, 10 grudzień 2018
474;4;ANT/30/12/2018;vat;True;ANTHEAP;Warszawa;4150;954,5;5104,5;PLN;transfer;5104,5;Faktura-VAT;2018-12-03 21:23;poniedziałek, 3 grudzień 2018;poniedziałek, 3 grudzień 2018;poniedziałek, 10 grudzień 2018
476;27;ANT/31/12/2018;vat;True;ANTHEAP;Warszawa;4070;936,1;5006,1;PLN;transfer;5006,1;Faktura-VAT;2018-12-03 21:29;poniedziałek, 3 grudzień 2018;poniedziałek, 3 grudzień 2018;poniedziałek, 10 grudzień 2018
477;154;ANT/32/12/2018;vat;True;ANTHEAP;Warszawa;2050;471,5;2521,5;PLN;transfer;2521,5;Faktura-VAT;2018-12-03 21:32;poniedziałek, 3 grudzień 2018;poniedziałek, 3 grudzień 2018;poniedziałek, 10 grudzień 2018
478;26;ANT/33/12/2018;vat;True;ANTHEAP;Warszawa;9730;2237,9;11967,9;PLN;transfer;11967,9;Faktura-VAT;2018-12-03 21:33;poniedziałek, 3 grudzień 2018;poniedziałek, 3 grudzień 2018;poniedziałek, 10 grudzień 2018
479;7;ANT/34/12/2018;vat;True;ANTHEAP;Warszawa;2410;554,3;2964,3;PLN;transfer;2964,3;Faktura-VAT;2018-12-03 21:35;poniedziałek, 3 grudzień 2018;poniedziałek, 3 grudzień 2018;poniedziałek, 10 grudzień 2018
480;88;ANT/35/12/2018;vat;True;ANTHEAP;Warszawa;3570;821,1;4391,1;PLN;transfer;4391,1;Faktura-VAT;2018-12-03 21:36;poniedziałek, 3 grudzień 2018;poniedziałek, 3 grudzień 2018;poniedziałek, 10 grudzień 2018
481;6;ANT/36/12/2018;vat;True;ANTHEAP;Warszawa;2980;685,4;3665,4;PLN;transfer;3665,4;Faktura-VAT;2018-12-03 21:39;poniedziałek, 3 grudzień 2018;poniedziałek, 3 grudzień 2018;poniedziałek, 10 grudzień 2018
482;139;ANT/37/12/2018;vat;True;ANTHEAP;Warszawa;2200;506;2706;PLN;transfer;2706;Faktura-VAT;2018-12-03 21:39;poniedziałek, 3 grudzień 2018;poniedziałek, 3 grudzień 2018;poniedziałek, 10 grudzień 2018
483;3;ANT/38/12/2018;vat;True;ANTHEAP;Warszawa;2690;618,7;3308,7;PLN;transfer;3308,7;Faktura-VAT;2018-12-03 21:41;poniedziałek, 3 grudzień 2018;poniedziałek, 3 grudzień 2018;poniedziałek, 10 grudzień 2018
511;9;ANT/47/12/2018;vat;True;ANTHEAP;Warszawa;3126,25;719,0375;3845,2875;PLN;transfer;3845,2875;Faktura-VAT;2019-01-02 12:47;poniedziałek, 31 grudzień 2018;poniedziałek, 31 grudzień 2018;środa, 9 styczeń 2019
514;12;ANT/48/12/2018;vat;True;ANTHEAP;Warszawa;2259,25;519,6275;2778,8775;PLN;transfer;2778,8775;Faktura-VAT;2019-01-02 13:01;poniedziałek, 31 grudzień 2018;poniedziałek, 31 grudzień 2018;środa, 9 styczeń 2019
517;22;ANT/49/12/2018;vat;True;ANTHEAP;Warszawa;1990;457,7;2447,7;PLN;transfer;2447,7;Faktura-VAT;2019-01-02 13:04;poniedziałek, 31 grudzień 2018;poniedziałek, 31 grudzień 2018;środa, 9 styczeń 2019
521;41;ANT/50/12/2018;vat;True;ANTHEAP;Warszawa;2500;575;3075;PLN;transfer;3075;Faktura-VAT;2019-01-02 13:06;poniedziałek, 31 grudzień 2018;poniedziałek, 31 grudzień 2018;środa, 9 styczeń 2019
542;160;ANT/51/12/2018;vat;True;ANTHEAP;Warszawa;2600;598;3198;PLN;transfer;3198;Faktura-VAT;2019-01-03 13:41;poniedziałek, 31 grudzień 2018;poniedziałek, 31 grudzień 2018;czwartek, 10 styczeń 2019
32;36;vatANT/28/03/2018;vat;True;ANTHEAP;Warszawa;5756,5;1323,995;7080,495;PLN;transfer;7080,495;Faktura-VAT;2018-04-02 20:17;piątek, 30 marzec 2018;piątek, 30 marzec 2018;piątek, 20 kwiecień 2018
33;36;vatANT/29/03/2018;vat;True;ANTHEAP;Warszawa;3950;908,5;4858,5;PLN;transfer;4858,5;Faktura-VAT;2018-04-02 20:19;piątek, 30 marzec 2018;piątek, 30 marzec 2018;piątek, 20 kwiecień 2018
102;36;ANT/37/04/2018;vat;True;ANTHEAP;Warszawa;5756,5;1323,995;7080,495;PLN;transfer;7080,495;Faktura-VAT;2018-05-02 20:58;poniedziałek, 30 kwiecień 2018;poniedziałek, 30 kwiecień 2018;poniedziałek, 21 maj 2018
103;36;ANT/38/04/2018;vat;True;ANTHEAP;Warszawa;3950;908,5;4858,5;PLN;transfer;4858,5;Faktura-VAT;2018-05-02 21:04;poniedziałek, 30 kwiecień 2018;poniedziałek, 30 kwiecień 2018;środa, 9 maj 2018
153;36;ANT/40/05/2018;vat;True;ANTHEAP;Warszawa;5756,5;1323,995;7080,495;PLN;transfer;7080,495;Faktura-VAT;2018-06-04 12:54;czwartek, 31 maj 2018;czwartek, 31 maj 2018;czwartek, 21 czerwiec 2018
174;36;ANT/43/05/2018;vat;True;ANTHEAP;Warszawa;3950;908,5;4858,5;PLN;transfer;4858,5;Faktura-VAT;2018-06-08 14:15;czwartek, 31 maj 2018;czwartek, 31 maj 2018;piątek, 15 czerwiec 2018
209;36;ANT/44/06/2018;vat;True;ANTHEAP;Warszawa;5756,5;1323,995;7080,495;PLN;transfer;7080,495;Faktura-VAT;2018-07-04 14:43;sobota, 30 czerwiec 2018;sobota, 30 czerwiec 2018;środa, 11 lipiec 2018
210;36;ANT/45/06/2018;vat;True;ANTHEAP;Warszawa;3950;908,5;4858,5;PLN;transfer;4858,5;Faktura-VAT;2018-07-04 14:44;sobota, 30 czerwiec 2018;sobota, 30 czerwiec 2018;środa, 11 lipiec 2018
229;36;ANT/34/07/2018;vat;True;ANTHEAP;Warszawa;5756,5;1323,995;7080,495;PLN;transfer;7080,495;Faktura-VAT;2018-07-31 10:50;wtorek, 31 lipiec 2018;wtorek, 31 lipiec 2018;poniedziałek, 20 sierpień 2018
230;36;ANT/35/07/2018;vat;True;ANTHEAP;Warszawa;3950;908,5;4858,5;PLN;transfer;4858,5;Faktura-VAT;2018-08-01 12:54;wtorek, 31 lipiec 2018;wtorek, 31 lipiec 2018;środa, 8 sierpień 2018
301;36;ANT/39/08/2018;vat;True;ANTHEAP;Warszawa;5756,5;1323,995;7080,495;PLN;transfer;7080,495;Faktura-VAT;2018-09-03 18:50;piątek, 31 sierpień 2018;piątek, 31 sierpień 2018;piątek, 21 wrzesień 2018
302;36;ANT/40/08/2018;vat;True;ANTHEAP;Warszawa;3950;908,5;4858,5;PLN;transfer;4858,5;Faktura-VAT;2018-09-03 18:52;piątek, 31 sierpień 2018;piątek, 31 sierpień 2018;poniedziałek, 10 wrzesień 2018
328;36;ANT/37/09/2018;vat;True;ANTHEAP;Warszawa;3950;908,5;4858,5;PLN;transfer;4858,5;Faktura-VAT;2018-10-01 19:54;niedziela, 30 wrzesień 2018;niedziela, 30 wrzesień 2018;poniedziałek, 8 październik 2018
329;36;ANT/38/09/2018;vat;True;ANTHEAP;Warszawa;5756,5;1323,995;7080,495;PLN;transfer;7080,495;Faktura-VAT;2018-10-01 19:55;niedziela, 30 wrzesień 2018;niedziela, 30 wrzesień 2018;niedziela, 21 październik 2018
405;36;ANT/48/10/2018;vat;True;ANTHEAP;Warszawa;5756,5;1323,995;7080,495;PLN;transfer;7080,495;Faktura-VAT;2018-11-05 12:23;środa, 31 październik 2018;środa, 31 październik 2018;poniedziałek, 12 listopad 2018
406;36;ANT/49/10/2018;vat;True;ANTHEAP;Warszawa;3950;908,5;4858,5;PLN;transfer;4858,5;Faktura-VAT;2018-11-05 12:24;środa, 31 październik 2018;środa, 31 październik 2018;poniedziałek, 12 listopad 2018
472;36;ANT/50/11/2018;vat;True;ANTHEAP;Warszawa;5756,5;1323,995;7080,495;PLN;transfer;7080,495;Faktura-VAT;2018-12-03 21:17;piątek, 30 listopad 2018;piątek, 30 listopad 2018;poniedziałek, 10 grudzień 2018
473;36;ANT/51/11/2018;vat;True;ANTHEAP;Warszawa;3950;908,5;4858,5;PLN;transfer;4858,5;Faktura-VAT;2018-12-03 21:22;piątek, 30 listopad 2018;piątek, 30 listopad 2018;poniedziałek, 10 grudzień 2018
493;36;ANT/44/12/2018;vat;True;ANTHEAP;Warszawa;3950;908,5;4858,5;PLN;transfer;4858,5;Faktura-VAT;2018-12-28 12:52;piątek, 28 grudzień 2018;piątek, 28 grudzień 2018;piątek, 28 grudzień 2018
494;36;ANT/45/12/2018;vat;True;ANTHEAP;Warszawa;5756,5;1323,995;7080,495;PLN;transfer;7080,495;Faktura-VAT;2018-12-28 12:53;piątek, 28 grudzień 2018;piątek, 28 grudzień 2018;poniedziałek, 31 grudzień 2018
29;88;ANT/28/03/2018;vat;;ANTHEAP;Warszawa;4125;948,75;5073,75;PLN;transfer;0;Faktura-VAT;2018-03-29 17:44;czwartek, 29 marzec 2018;czwartek, 29 marzec 2018;czwartek, 5 kwiecień 2018
68;38;ANT/23/04/2018;vat;True;ANTHEAP;Warszawa;3242,8;745,844;3988,644;PLN;transfer;3988,644;Faktura-VAT;2018-04-10 11:28;wtorek, 10 kwiecień 2018;wtorek, 10 kwiecień 2018;wtorek, 17 kwiecień 2018
120;6;ANT/31/05/2018;vat;True;ANTHEAP;Warszawa;3950;908,5;4858,5;PLN;transfer;4858,5;Faktura-VAT;2018-05-24 13:50;czwartek, 24 maj 2018;czwartek, 24 maj 2018;czwartek, 31 maj 2018
176;26;ANT/30/06/2018;vat;True;ANTHEAP;Warszawa;6370;1465,1;7835,1;PLN;transfer;7835,1;Faktura-VAT;2018-06-12 17:12;wtorek, 12 czerwiec 2018;wtorek, 12 czerwiec 2018;wtorek, 12 czerwiec 2018
224;145;ANT/29/07/2018;vat;True;ANTHEAP;Warszawa;6350;1460,5;7810,5;PLN;transfer;7810,5;Faktura-VAT;2018-07-17 10:33;wtorek, 17 lipiec 2018;wtorek, 17 lipiec 2018;czwartek, 19 lipiec 2018
269;6;ANT/29/08/2018;vat;True;ANTHEAP;Warszawa;2150;494,5;2644,5;PLN;transfer;2644,5;Faktura-VAT;2018-08-16 14:42;czwartek, 16 sierpień 2018;czwartek, 16 sierpień 2018;czwartek, 23 sierpień 2018
272;3;ANT/32/08/2018;vat;True;ANTHEAP;Warszawa;3150;724,5;3874,5;PLN;transfer;3874,5;Faktura-VAT;2018-08-21 16:46;wtorek, 21 sierpień 2018;wtorek, 21 sierpień 2018;wtorek, 28 sierpień 2018
314;3;ANT/30/09/2018;vat;True;ANTHEAP;Warszawa;6150;1414,5;7564,5;PLN;transfer;7564,5;Faktura-VAT;2018-09-05 12:30;środa, 5 wrzesień 2018;środa, 5 wrzesień 2018;środa, 12 wrzesień 2018
319;3;ANT/34/09/2018;vat;True;ANTHEAP;Warszawa;1750;402,5;2152,5;PLN;transfer;2152,5;Faktura-VAT;2018-09-17 11:28;poniedziałek, 17 wrzesień 2018;poniedziałek, 17 wrzesień 2018;poniedziałek, 24 wrzesień 2018
366;2;ANT/43/09/2018;vat;True;ANTHEAP;Warszawa;3276,25;753,5375;4029,7875;PLN;transfer;4029,7875;Faktura-VAT;2018-10-04 21:29;niedziela, 30 wrzesień 2018;niedziela, 30 wrzesień 2018;czwartek, 11 październik 2018
379;3;ANT/45/10/2018;vat;True;ANTHEAP;Warszawa;6150;1414,5;7564,5;PLN;transfer;7564,5;Faktura-VAT;2018-10-25 16:40;czwartek, 25 październik 2018;czwartek, 25 październik 2018;środa, 31 październik 2018
435;41;ANT/42/11/2018;vat;True;ANTHEAP;Warszawa;3325;764,75;4089,75;PLN;transfer;4089,75;Faktura-VAT;2018-11-30 10:35;piątek, 30 listopad 2018;piątek, 30 listopad 2018;piątek, 30 listopad 2018
1;2;ANT/1/03/2018;vat;True;ANTHEAP;Warszawa;1850;425,5;2275,5;PLN;transfer;2275,5;Faktura-VAT;2018-03-01 17:55;czwartek, 1 marzec 2018;czwartek, 1 marzec 2018;czwartek, 8 marzec 2018
26;3;ANT/26/03/2018;vat;True;ANTHEAP;Warszawa;2510;577,3;3087,3;PLN;transfer;3087,3;Faktura-VAT;2018-03-06 17:41;czwartek, 1 marzec 2018;czwartek, 1 marzec 2018;środa, 7 marzec 2018
116;33;ANT/28/05/2018;vat;True;ANTHEAP;Warszawa;1900;437;2337;PLN;transfer;2337;Faktura-VAT;2018-05-18 14:27;piątek, 18 maj 2018;piątek, 18 maj 2018;wtorek, 22 maj 2018
118;114;ANT/29/05/2018;vat;True;ANTHEAP;Warszawa;1550;356,5;1906,5;PLN;transfer;1906,5;Faktura-VAT;2018-05-22 09:30;wtorek, 22 maj 2018;wtorek, 22 maj 2018;wtorek, 29 maj 2018
267;26;ANT/28/08/2018;vat;True;ANTHEAP;Warszawa;2150;494,5;2644,5;PLN;transfer;2644,5;Faktura-VAT;2018-08-16 12:24;czwartek, 16 sierpień 2018;czwartek, 16 sierpień 2018;poniedziałek, 20 sierpień 2018
323;150;ANT/36/09/2018;vat;True;ANTHEAP;Warszawa;1650;379,5;2029,5;PLN;transfer;2029,5;Faktura-VAT;2018-09-27 13:07;czwartek, 27 wrzesień 2018;czwartek, 27 wrzesień 2018;czwartek, 4 październik 2018
431;42;ANT/39/11/2018;vat;True;ANTHEAP;Warszawa;1400;322;1722;PLN;transfer;1722;Faktura-VAT;2018-11-26 14:21;poniedziałek, 26 listopad 2018;poniedziałek, 26 listopad 2018;środa, 28 listopad 2018
21;11;ANT/21/03/2018;vat;True;ANTHEAP;Warszawa;5150;1184,5;6334,5;PLN;transfer;6334,5;Faktura-VAT;2018-03-02 13:28;czwartek, 1 marzec 2018;czwartek, 1 marzec 2018;czwartek, 8 marzec 2018
22;13;ANT/22/03/2018;vat;True;ANTHEAP;Warszawa;3650;839,5;4489,5;PLN;transfer;4489,5;Faktura-VAT;2018-03-02 13:32;czwartek, 1 marzec 2018;czwartek, 1 marzec 2018;czwartek, 22 marzec 2018
121;6;ANT/32/05/2018;vat;True;ANTHEAP;Warszawa;2325;534,75;2859,75;PLN;transfer;2859,75;Faktura-VAT;2018-05-24 13:58;czwartek, 24 maj 2018;czwartek, 24 maj 2018;czwartek, 31 maj 2018
181;136;ANT/32/06/2018;vat;True;ANTHEAP;Warszawa;1370;315,1;1685,1;PLN;transfer;1685,1;Faktura-VAT;2018-06-21 15:00;czwartek, 21 czerwiec 2018;czwartek, 21 czerwiec 2018;czwartek, 28 czerwiec 2018
373;152;ANT/41/10/2018;vat;True;ANTHEAP;Warszawa;3450;793,5;4243,5;PLN;transfer;4243,5;Faktura-VAT;2018-10-17 14:01;czwartek, 18 październik 2018;czwartek, 18 październik 2018;piątek, 19 październik 2018
378;132;ANT/44/10/2018;vat;True;ANTHEAP;Warszawa;1350;310,5;1660,5;PLN;transfer;1660,5;Faktura-VAT;2018-10-24 09:53;środa, 24 październik 2018;środa, 24 październik 2018;piątek, 26 październik 2018
