﻿id_invoice;invoice_id_client;invoice_title;invoice_type;invoice_paid_status;invoice_seller;invoice_sell_city;invoice_cost;invoice_tax_value;invoice_cost_w_tax;invoice_currency;invoice_payment_type;invoice_paid;invoice_filename;invoice_date_create;invoice_date_sell;invoice_date_issue;invoice_date_to_pay
496;13;ANT/1/01/2019;vat;True;ANTHEAP;Warszawa;1925,29;442,8167;2368,1067;PLN;transfer;2368,1067;Faktura-VAT;2019-01-02 11:57;środa, 2 styczeń 2019;środa, 2 styczeń 2019;środa, 9 styczeń 2019
497;14;ANT/2/01/2019;vat;True;ANTHEAP;Warszawa;1420,9;326,807;1747,707;PLN;transfer;1747,707;Faktura-VAT;2019-01-02 12:00;środa, 2 styczeń 2019;środa, 2 styczeń 2019;środa, 9 styczeń 2019
498;47;ANT/3/01/2019;vat;True;ANTHEAP;Warszawa;2902,68;667,6164;3570,2964;PLN;transfer;3570,2964;Faktura-VAT;2019-01-02 12:01;środa, 2 styczeń 2019;środa, 2 styczeń 2019;środa, 9 styczeń 2019
499;88;ANT/4/01/2019;vat;True;ANTHEAP;Warszawa;1724,48;396,6304;2121,1104;PLN;transfer;2121,1104;Faktura-VAT;2019-01-02 12:04;środa, 2 styczeń 2019;środa, 2 styczeń 2019;środa, 9 styczeń 2019
500;11;ANT/5/01/2019;vat;True;ANTHEAP;Warszawa;3144,77;723,2971;3868,0671;PLN;transfer;3868,0671;Faktura-VAT;2019-01-02 12:06;środa, 2 styczeń 2019;środa, 2 styczeń 2019;środa, 9 styczeń 2019
501;53;ANT/6/01/2019;vat;True;ANTHEAP;Warszawa;1187,84;273,2032;1461,0432;PLN;transfer;1461,0432;Faktura-VAT;2019-01-02 12:07;środa, 2 styczeń 2019;środa, 2 styczeń 2019;środa, 9 styczeń 2019
502;2;ANT/7/01/2019;vat;True;ANTHEAP;Warszawa;1398,54;321,6642;1720,2042;PLN;transfer;1720,2042;Faktura-VAT;2019-01-02 12:10;środa, 2 styczeń 2019;środa, 2 styczeń 2019;środa, 9 styczeń 2019
503;132;ANT/8/01/2019;vat;True;ANTHEAP;Warszawa;1637,62;376,6526;2014,2726;PLN;transfer;2014,2726;Faktura-VAT;2019-01-02 12:18;środa, 2 styczeń 2019;środa, 2 styczeń 2019;środa, 9 styczeń 2019
504;3;ANT/9/01/2019;vat;True;ANTHEAP;Warszawa;1841,87;423,6301;2265,5001;PLN;transfer;2265,5001;Faktura-VAT;2019-01-02 12:20;środa, 2 styczeń 2019;środa, 2 styczeń 2019;środa, 9 styczeń 2019
505;26;ANT/10/01/2019;vat;True;ANTHEAP;Warszawa;3548,54;816,1642;4364,7042;PLN;transfer;4364,7042;Faktura-VAT;2019-01-02 12:21;środa, 2 styczeń 2019;środa, 2 styczeń 2019;środa, 9 styczeń 2019
506;4;ANT/11/01/2019;vat;True;ANTHEAP;Warszawa;1413,16;325,0268;1738,1868;PLN;transfer;1738,1868;Faktura-VAT;2019-01-02 12:23;środa, 2 styczeń 2019;środa, 2 styczeń 2019;środa, 9 styczeń 2019
507;12;ANT/12/01/2019;vat;True;ANTHEAP;Warszawa;1469,06;337,8838;1806,9438;PLN;transfer;1806,9438;Faktura-VAT;2019-01-02 12:29;środa, 2 styczeń 2019;środa, 2 styczeń 2019;środa, 9 styczeń 2019
508;156;ANT/13/01/2019;vat;True;ANTHEAP;Warszawa;1213,21;279,0383;1492,2483;PLN;transfer;1492,2483;Faktura-VAT;2019-01-02 12:32;środa, 2 styczeń 2019;środa, 2 styczeń 2019;środa, 9 styczeń 2019
509;157;ANT/14/01/2019;vat;True;ANTHEAP;Warszawa;1249,33;287,3459;1536,6759;PLN;transfer;1536,6759;Faktura-VAT;2019-01-02 12:34;środa, 2 styczeń 2019;środa, 2 styczeń 2019;środa, 9 styczeń 2019
510;77;ANT/15/01/2019;vat;True;ANTHEAP;Warszawa;1253,63;288,3349;1541,9649;PLN;transfer;1541,9649;Faktura-VAT;2019-01-02 12:37;środa, 2 styczeń 2019;środa, 2 styczeń 2019;środa, 9 styczeń 2019
512;9;ANT/16/01/2019;vat;True;ANTHEAP;Warszawa;3325;764,75;4089,75;PLN;transfer;4089,75;Faktura-VAT;2019-01-02 13:00;środa, 2 styczeń 2019;środa, 2 styczeń 2019;środa, 9 styczeń 2019
515;12;ANT/18/01/2019;vat;True;ANTHEAP;Warszawa;1726;396,98;2122,98;PLN;transfer;2122,98;Faktura-VAT;2019-01-02 13:01;środa, 2 styczeń 2019;środa, 2 styczeń 2019;środa, 9 styczeń 2019
522;41;ANT/23/01/2019;vat;True;ANTHEAP;Warszawa;3530;811,9;4341,9;PLN;transfer;4341,9;Faktura-VAT;2019-01-02 13:07;środa, 2 styczeń 2019;środa, 2 styczeń 2019;środa, 9 styczeń 2019
541;14;ANT/42/01/2019;vat;True;ANTHEAP;Warszawa;2650;609,5;3259,5;PLN;transfer;3259,5;Faktura-VAT;2019-01-03 10:27;środa, 2 styczeń 2019;środa, 2 styczeń 2019;środa, 9 styczeń 2019
543;153;ANT/43/01/2019;vat;True;ANTHEAP;Warszawa;2400;552;2952;PLN;transfer;2952;Faktura-VAT;2019-01-04 10:32;piątek, 4 styczeń 2019;piątek, 4 styczeń 2019;piątek, 11 styczeń 2019
545;77;ANT/44/01/2019;vat;True;ANTHEAP;Warszawa;1272,12;292,5876;1564,7076;PLN;transfer;1564,7076;Faktura-VAT;2019-01-18 14:30;piątek, 18 styczeń 2019;piątek, 18 styczeń 2019;piątek, 25 styczeń 2019
546;11;ANT/1/02/2019/L;vat;True;ANTHEAP;Warszawa;3131,08;720,1484;3851,2284;PLN;transfer;3851,2284;Faktura-VAT;2019-02-04 11:02;piątek, 1 luty 2019;piątek, 1 luty 2019;poniedziałek, 11 luty 2019
547;2;ANT/2/02/2019/L;vat;True;ANTHEAP;Warszawa;1396,84;321,2732;1718,1132;PLN;transfer;1718,1132;Faktura-VAT;2019-02-04 11:08;piątek, 1 luty 2019;piątek, 1 luty 2019;poniedziałek, 11 luty 2019
550;156;ANT/5/02/2019/L;vat;True;ANTHEAP;Warszawa;1212,78;278,9394;1491,7194;PLN;transfer;1491,7194;Faktura-VAT;2019-02-04 11:22;piątek, 1 luty 2019;piątek, 1 luty 2019;poniedziałek, 11 luty 2019
554;88;ANT/9/02/2019/L;vat;True;ANTHEAP;Warszawa;1720,56;395,7288;2116,2888;PLN;transfer;2116,2888;Faktura-VAT;2019-02-04 11:51;piątek, 1 luty 2019;piątek, 1 luty 2019;poniedziałek, 11 luty 2019
555;157;ANT/10/02/2019/L;vat;True;ANTHEAP;Warszawa;1282,6;294,998;1577,598;PLN;transfer;1577,598;Faktura-VAT;2019-02-04 11:53;piątek, 1 luty 2019;piątek, 1 luty 2019;poniedziałek, 11 luty 2019
557;47;ANT/12/02/2019/L;vat;True;ANTHEAP;Warszawa;2974,81;684,2063;3659,0163;PLN;transfer;3659,0163;Faktura-VAT;2019-02-04 11:55;piątek, 1 luty 2019;piątek, 1 luty 2019;poniedziałek, 11 luty 2019
558;53;ANT/13/02/2019/L;vat;True;ANTHEAP;Warszawa;1187,58;273,1434;1460,7234;PLN;transfer;1460,7234;Faktura-VAT;2019-02-04 11:57;piątek, 1 luty 2019;piątek, 1 luty 2019;poniedziałek, 11 luty 2019
559;3;ANT/14/02/2019/L;vat;True;ANTHEAP;Warszawa;1837,12;422,5376;2259,6576;PLN;transfer;2259,6576;Faktura-VAT;2019-02-04 11:59;piątek, 1 luty 2019;piątek, 1 luty 2019;poniedziałek, 11 luty 2019
563;9;ANT/16/02/2019/A;vat;True;ANTHEAP;Warszawa;3325;764,75;4089,75;PLN;transfer;4089,75;Faktura-VAT;2019-02-04 12:38;piątek, 1 luty 2019;piątek, 1 luty 2019;poniedziałek, 11 luty 2019
565;10;ANT/17/02/2019/A;vat;True;ANTHEAP;Warszawa;1670;384,1;2054,1;PLN;transfer;2054,1;Faktura-VAT;2019-02-04 12:54;piątek, 1 luty 2019;piątek, 1 luty 2019;poniedziałek, 11 luty 2019
577;48;ANT/25/02/2019/A;vat;True;ANTHEAP;Warszawa;2900;667;3567;PLN;transfer;3567;Faktura-VAT;2019-02-04 13:05;piątek, 1 luty 2019;piątek, 1 luty 2019;piątek, 8 luty 2019
596;47;ANT/41/02/2019/A;vat;True;ANTHEAP;Warszawa;1830;420,9;2250,9;PLN;transfer;2250,9;Faktura-VAT;2019-02-04 16:37;piątek, 1 luty 2019;piątek, 1 luty 2019;piątek, 8 luty 2019
597;10;ANT/42/02/2019/L;vat;True;ANTHEAP;Warszawa;1695,73;390,0179;2085,7479;PLN;transfer;2085,7479;Faktura-VAT;2019-02-13 13:44;środa, 13 luty 2019;środa, 13 luty 2019;czwartek, 14 luty 2019
548;12;ANT/3/02/2019/L;vat;;ANTHEAP;Warszawa;1466,9;337,387;1804,287;PLN;transfer;0;Faktura-VAT;2019-02-04 11:12;piątek, 1 luty 2019;piątek, 1 luty 2019;poniedziałek, 11 luty 2019
549;13;ANT/4/02/2019/L;vat;;ANTHEAP;Warszawa;1920;441,6;2361,6;PLN;transfer;0;Faktura-VAT;2019-02-04 11:18;piątek, 1 luty 2019;piątek, 1 luty 2019;poniedziałek, 11 luty 2019
551;14;ANT/6/02/2019/L;vat;;ANTHEAP;Warszawa;1419,1;326,393;1745,493;PLN;transfer;0;Faktura-VAT;2019-02-04 11:23;piątek, 1 luty 2019;piątek, 1 luty 2019;poniedziałek, 11 luty 2019
552;26;ANT/7/02/2019/L;vat;;ANTHEAP;Warszawa;3569,64;821,0172;4390,6572;PLN;transfer;0;Faktura-VAT;2019-02-04 11:35;piątek, 1 luty 2019;piątek, 1 luty 2019;poniedziałek, 11 luty 2019
553;77;ANT/8/02/2019/L;vat;;ANTHEAP;Warszawa;1403,24;322,7452;1725,9852;PLN;transfer;0;Faktura-VAT;2019-02-04 11:47;piątek, 1 luty 2019;piątek, 1 luty 2019;poniedziałek, 11 luty 2019
556;4;ANT/11/02/2019/L;vat;;ANTHEAP;Warszawa;1411,36;324,6128;1735,9728;PLN;transfer;0;Faktura-VAT;2019-02-04 11:54;piątek, 1 luty 2019;piątek, 1 luty 2019;poniedziałek, 11 luty 2019
567;12;ANT/18/02/2019/A;vat;;ANTHEAP;Warszawa;1726;396,98;2122,98;PLN;transfer;0;Faktura-VAT;2019-02-04 12:55;piątek, 1 luty 2019;piątek, 1 luty 2019;poniedziałek, 11 luty 2019
574;41;ANT/23/02/2019/A;vat;;ANTHEAP;Warszawa;3530;811,9;4341,9;PLN;transfer;0;Faktura-VAT;2019-02-04 13:00;piątek, 1 luty 2019;piątek, 1 luty 2019;piątek, 8 luty 2019
561;9;ANT/16/02/2019/AP;vat;;ANTHEAP;Warszawa;4560;1048,8;5608,8;PLN;transfer;0;Faktura-VAT;2019-02-04 12:34;piątek, 1 luty 2019;piątek, 1 luty 2019;poniedziałek, 11 luty 2019
566;12;ANT/47/01/2019/AP;vat;;ANTHEAP;Warszawa;3093,1;711,413;3804,513;PLN;transfer;0;Faktura-VAT;2019-02-04 12:55;czwartek, 31 styczeń 2019;czwartek, 31 styczeń 2019;poniedziałek, 11 luty 2019
573;41;ANT/49/01/2019/AP;vat;;ANTHEAP;Warszawa;1187,5;273,125;1460,625;PLN;transfer;0;Faktura-VAT;2019-02-04 12:59;czwartek, 31 styczeń 2019;czwartek, 31 styczeń 2019;czwartek, 7 luty 2019
518;23;ANT/20/01/2019;vat;;ANTHEAP;Warszawa;2110;485,3;2595,3;PLN;transfer;0;Faktura-VAT;2019-01-02 13:05;środa, 2 styczeń 2019;środa, 2 styczeń 2019;środa, 9 styczeń 2019
569;22;ANT/48/01/2019/A;vat;;ANTHEAP;Warszawa;1990;457,7;2447,7;PLN;transfer;0;Faktura-VAT;2019-02-04 12:56;czwartek, 31 styczeń 2019;czwartek, 31 styczeń 2019;poniedziałek, 11 luty 2019
570;23;ANT/20/02/2019/A;vat;;ANTHEAP;Warszawa;2110;485,3;2595,3;PLN;transfer;0;Faktura-VAT;2019-02-04 12:57;piątek, 1 luty 2019;piątek, 1 luty 2019;piątek, 8 luty 2019
572;39;ANT/22/02/2019/A;vat;;ANTHEAP;Warszawa;2350;540,5;2890,5;PLN;transfer;0;Faktura-VAT;2019-02-04 12:58;piątek, 1 luty 2019;piątek, 1 luty 2019;piątek, 8 luty 2019
579;160;ANT/27/02/2019/PH;vat;;ANTHEAP;Warszawa;4050;931,5;4981,5;PLN;transfer;0;Faktura-VAT;2019-02-04 13:25;piątek, 1 luty 2019;piątek, 1 luty 2019;piątek, 8 luty 2019
581;27;ANT/29/02/2019/PH;vat;;ANTHEAP;Warszawa;4390;1009,7;5399,7;PLN;transfer;0;Faktura-VAT;2019-02-04 13:43;piątek, 1 luty 2019;piątek, 1 luty 2019;poniedziałek, 11 luty 2019
582;14;ANT/30/02/2019/PH;vat;;ANTHEAP;Warszawa;2950;678,5;3628,5;PLN;transfer;0;Faktura-VAT;2019-02-04 13:44;piątek, 1 luty 2019;piątek, 1 luty 2019;piątek, 8 luty 2019
583;154;ANT/31/02/2019/PH;vat;;ANTHEAP;Warszawa;2050;471,5;2521,5;PLN;transfer;0;Faktura-VAT;2019-02-04 13:46;piątek, 1 luty 2019;piątek, 1 luty 2019;piątek, 8 luty 2019
584;26;ANT/32/02/2019/PH;vat;;ANTHEAP;Warszawa;10210;2348,3;12558,3;PLN;transfer;0;Faktura-VAT;2019-02-04 13:47;piątek, 1 luty 2019;piątek, 1 luty 2019;piątek, 8 luty 2019
585;7;ANT/33/02/2019/PH;vat;;ANTHEAP;Warszawa;2230;512,9;2742,9;PLN;transfer;0;Faktura-VAT;2019-02-04 13:47;piątek, 1 luty 2019;piątek, 1 luty 2019;piątek, 8 luty 2019
588;139;ANT/36/02/2019/PH;vat;;ANTHEAP;Warszawa;2200;506;2706;PLN;transfer;0;Faktura-VAT;2019-02-04 14:00;piątek, 1 luty 2019;piątek, 1 luty 2019;piątek, 8 luty 2019
591;13;ANT/39/02/2019/V;vat;;ANTHEAP;Warszawa;3650;839,5;4489,5;PLN;transfer;0;Faktura-VAT;2019-02-04 14:03;piątek, 1 luty 2019;piątek, 1 luty 2019;piątek, 8 luty 2019
594;4;ANT/40/02/2019/V;vat;;ANTHEAP;Warszawa;4150;954,5;5104,5;PLN;transfer;0;Faktura-VAT;2019-02-04 14:34;piątek, 1 luty 2019;piątek, 1 luty 2019;piątek, 8 luty 2019
513;10;ANT/17/01/2019;vat;True;ANTHEAP;Warszawa;1670;384,1;2054,1;PLN;transfer;2054,1;Faktura-VAT;2019-01-02 13:00;środa, 2 styczeń 2019;środa, 2 styczeń 2019;środa, 9 styczeń 2019
516;15;ANT/19/01/2019;vat;True;ANTHEAP;Warszawa;1730;397,9;2127,9;PLN;transfer;2127,9;Faktura-VAT;2019-01-02 13:03;środa, 2 styczeń 2019;środa, 2 styczeń 2019;środa, 9 styczeń 2019
519;24;ANT/21/01/2019;vat;True;ANTHEAP;Warszawa;1790;411,7;2201,7;PLN;transfer;2201,7;Faktura-VAT;2019-01-02 13:05;środa, 2 styczeń 2019;środa, 2 styczeń 2019;środa, 9 styczeń 2019
520;39;ANT/22/01/2019;vat;True;ANTHEAP;Warszawa;2350;540,5;2890,5;PLN;transfer;2890,5;Faktura-VAT;2019-01-02 13:06;środa, 2 styczeń 2019;środa, 2 styczeń 2019;środa, 9 styczeń 2019
523;45;ANT/24/01/2019;vat;True;ANTHEAP;Warszawa;2150;494,5;2644,5;PLN;transfer;2644,5;Faktura-VAT;2019-01-02 13:11;środa, 2 styczeń 2019;środa, 2 styczeń 2019;środa, 9 styczeń 2019
524;47;ANT/25/01/2019;vat;True;ANTHEAP;Warszawa;1830;420,9;2250,9;PLN;transfer;2250,9;Faktura-VAT;2019-01-02 13:11;środa, 2 styczeń 2019;środa, 2 styczeń 2019;środa, 9 styczeń 2019
525;53;ANT/26/01/2019;vat;True;ANTHEAP;Warszawa;1830;420,9;2250,9;PLN;transfer;2250,9;Faktura-VAT;2019-01-02 13:12;środa, 2 styczeń 2019;środa, 2 styczeń 2019;środa, 9 styczeń 2019
526;2;ANT/27/01/2019;vat;True;ANTHEAP;Warszawa;2730;627,9;3357,9;PLN;transfer;3357,9;Faktura-VAT;2019-01-02 13:52;środa, 2 styczeń 2019;środa, 2 styczeń 2019;środa, 9 styczeń 2019
527;27;ANT/28/01/2019;vat;True;ANTHEAP;Warszawa;4150;954,5;5104,5;PLN;transfer;5104,5;Faktura-VAT;2019-01-02 13:54;środa, 2 styczeń 2019;środa, 2 styczeń 2019;środa, 9 styczeń 2019
528;154;ANT/29/01/2019;vat;True;ANTHEAP;Warszawa;2050;471,5;2521,5;PLN;transfer;2521,5;Faktura-VAT;2019-01-02 13:55;środa, 2 styczeń 2019;środa, 2 styczeń 2019;środa, 9 styczeń 2019
529;26;ANT/30/01/2019;vat;True;ANTHEAP;Warszawa;9890;2274,7;12164,7;PLN;transfer;12164,7;Faktura-VAT;2019-01-02 13:56;środa, 2 styczeń 2019;środa, 2 styczeń 2019;środa, 9 styczeń 2019
530;7;ANT/31/01/2019;vat;True;ANTHEAP;Warszawa;2320;533,6;2853,6;PLN;transfer;2853,6;Faktura-VAT;2019-01-02 13:59;środa, 2 styczeń 2019;środa, 2 styczeń 2019;środa, 9 styczeń 2019
531;6;ANT/32/01/2019;vat;True;ANTHEAP;Warszawa;2920;671,6;3591,6;PLN;transfer;3591,6;Faktura-VAT;2019-01-02 14:08;środa, 2 styczeń 2019;środa, 2 styczeń 2019;środa, 9 styczeń 2019
532;139;ANT/33/01/2019;vat;True;ANTHEAP;Warszawa;2200;506;2706;PLN;transfer;2706;Faktura-VAT;2019-01-02 14:10;środa, 2 styczeń 2019;środa, 2 styczeń 2019;środa, 9 styczeń 2019
533;11;ANT/34/01/2019;vat;True;ANTHEAP;Warszawa;5150;1184,5;6334,5;PLN;transfer;6334,5;Faktura-VAT;2019-01-02 14:53;środa, 2 styczeń 2019;środa, 2 styczeń 2019;środa, 9 styczeń 2019
534;88;ANT/35/01/2019;vat;True;ANTHEAP;Warszawa;2970;683,1;3653,1;PLN;transfer;3653,1;Faktura-VAT;2019-01-03 10:04;środa, 2 styczeń 2019;środa, 2 styczeń 2019;środa, 9 styczeń 2019
535;3;ANT/36/01/2019;vat;True;ANTHEAP;Warszawa;2690;618,7;3308,7;PLN;transfer;3308,7;Faktura-VAT;2019-01-03 10:06;środa, 2 styczeń 2019;środa, 2 styczeń 2019;środa, 9 styczeń 2019
536;8;ANT/37/01/2019;vat;True;ANTHEAP;Warszawa;2350;540,5;2890,5;PLN;transfer;2890,5;Faktura-VAT;2019-01-03 10:08;środa, 2 styczeń 2019;środa, 2 styczeń 2019;środa, 9 styczeń 2019
537;13;ANT/38/01/2019;vat;True;ANTHEAP;Warszawa;3650;839,5;4489,5;PLN;transfer;4489,5;Faktura-VAT;2019-01-03 10:09;środa, 2 styczeń 2019;środa, 2 styczeń 2019;środa, 9 styczeń 2019
538;4;ANT/39/01/2019;vat;True;ANTHEAP;Warszawa;4150;954,5;5104,5;PLN;transfer;5104,5;Faktura-VAT;2019-01-03 10:09;środa, 2 styczeń 2019;środa, 2 styczeń 2019;środa, 9 styczeń 2019
539;160;ANT/40/01/2019;vat;True;ANTHEAP;Warszawa;4050;931,5;4981,5;PLN;transfer;4981,5;Faktura-VAT;2019-01-03 10:11;środa, 2 styczeń 2019;środa, 2 styczeń 2019;środa, 9 styczeń 2019
540;48;ANT/41/01/2019;vat;True;ANTHEAP;Warszawa;2900;667;3567;PLN;transfer;3567;Faktura-VAT;2019-01-03 10:11;środa, 2 styczeń 2019;środa, 2 styczeń 2019;środa, 9 styczeń 2019
560;11;ANT/15/02/2019/V;vat;True;ANTHEAP;Warszawa;5150;1184,5;6334,5;PLN;transfer;6334,5;Faktura-VAT;2019-02-04 12:21;piątek, 1 luty 2019;piątek, 1 luty 2019;poniedziałek, 11 luty 2019
562;9;ANT/45/01/2019/AP;vat;True;ANTHEAP;Warszawa;4560;1048,8;5608,8;PLN;transfer;5608,8;Faktura-VAT;2019-02-04 12:35;czwartek, 31 styczeń 2019;czwartek, 31 styczeń 2019;poniedziałek, 11 luty 2019
564;10;ANT/46/01/2019/AP;vat;True;ANTHEAP;Warszawa;1280;294,4;1574,4;PLN;transfer;1574,4;Faktura-VAT;2019-02-04 12:53;czwartek, 31 styczeń 2019;czwartek, 31 styczeń 2019;poniedziałek, 11 luty 2019
568;15;ANT/19/02/2019/A;vat;True;ANTHEAP;Warszawa;1730;397,9;2127,9;PLN;transfer;2127,9;Faktura-VAT;2019-02-04 12:56;piątek, 1 luty 2019;piątek, 1 luty 2019;poniedziałek, 11 luty 2019
571;24;ANT/21/02/2019/A;vat;True;ANTHEAP;Warszawa;1790;411,7;2201,7;PLN;transfer;2201,7;Faktura-VAT;2019-02-04 12:58;piątek, 1 luty 2019;piątek, 1 luty 2019;piątek, 8 luty 2019
575;45;ANT/24/02/2019/A;vat;True;ANTHEAP;Warszawa;2150;494,5;2644,5;PLN;transfer;2644,5;Faktura-VAT;2019-02-04 13:01;piątek, 1 luty 2019;piątek, 1 luty 2019;piątek, 8 luty 2019
576;48;ANT/50/01/2019/AP;vat;True;ANTHEAP;Warszawa;2905;668,15;3573,15;PLN;transfer;3573,15;Faktura-VAT;2019-02-04 13:04;czwartek, 31 styczeń 2019;czwartek, 31 styczeń 2019;czwartek, 7 luty 2019
578;53;ANT/26/02/2019/A;vat;True;ANTHEAP;Warszawa;1830;420,9;2250,9;PLN;transfer;2250,9;Faktura-VAT;2019-02-04 13:05;piątek, 1 luty 2019;piątek, 1 luty 2019;piątek, 8 luty 2019
580;2;ANT/28/02/2019/PH;vat;True;ANTHEAP;Warszawa;2810;646,3;3456,3;PLN;transfer;3456,3;Faktura-VAT;2019-02-04 13:27;piątek, 1 luty 2019;piątek, 1 luty 2019;poniedziałek, 11 luty 2019
586;88;ANT/34/02/2019/PH;vat;True;ANTHEAP;Warszawa;3090;710,7;3800,7;PLN;transfer;3800,7;Faktura-VAT;2019-02-04 13:48;piątek, 1 luty 2019;piątek, 1 luty 2019;piątek, 8 luty 2019
587;6;ANT/35/02/2019/PH;vat;True;ANTHEAP;Warszawa;2800;644;3444;PLN;transfer;3444;Faktura-VAT;2019-02-04 13:59;piątek, 1 luty 2019;piątek, 1 luty 2019;piątek, 8 luty 2019
589;3;ANT/37/02/2019/PH;vat;True;ANTHEAP;Warszawa;2870;660,1;3530,1;PLN;transfer;3530,1;Faktura-VAT;2019-02-04 14:01;piątek, 1 luty 2019;piątek, 1 luty 2019;piątek, 8 luty 2019
590;8;ANT/38/02/2019/V;vat;True;ANTHEAP;Warszawa;2350;540,5;2890,5;PLN;transfer;2890,5;Faktura-VAT;2019-02-04 14:02;piątek, 1 luty 2019;piątek, 1 luty 2019;piątek, 8 luty 2019
595;47;ANT/53/01/2019/AP;vat;True;ANTHEAP;Warszawa;2722,5;626,175;3348,675;PLN;transfer;3348,675;Faktura-VAT;2019-02-04 16:37;czwartek, 31 styczeń 2019;czwartek, 31 styczeń 2019;czwartek, 7 luty 2019
592;36;ANT/51/01/2019/V;vat;True;ANTHEAP;Warszawa;5756,5;1323,995;7080,495;PLN;transfer;7080,495;Faktura-VAT;2019-02-04 14:04;czwartek, 31 styczeń 2019;czwartek, 31 styczeń 2019;czwartek, 21 luty 2019
593;36;ANT/52/01/2019/V;vat;True;ANTHEAP;Warszawa;3950;908,5;4858,5;PLN;transfer;4858,5;Faktura-VAT;2019-02-04 14:33;czwartek, 31 styczeń 2019;czwartek, 31 styczeń 2019;czwartek, 7 luty 2019
